productId,productName,previousFamily,reviewDecision,finalFamily,previousDisciplines,finalDisciplines,previousUseContexts,finalUseContexts,notes
176,Crossover Lat Pulldown ZR Series | PROmachine,CABLE_MACHINE,ACCEPT,CABLE_MACHINE,,,HOME_GYM:EXPLICIT,HOME_GYM:EXPLICIT,Deep-audited: full name/category/feature/description evidence read directly.
1427,Polea de Muro 1.0 ZR Series | PROmachine,CABLE_MACHINE,ACCEPT,CABLE_MACHINE,,,HOME_GYM:EXPLICIT;SMALL_SPACE:EXPLICIT,HOME_GYM:EXPLICIT;SMALL_SPACE:EXPLICIT,Confirmatory pass: evidence pattern matches a deep-audited example for the same family/discipline/context combination.
29,Barra Olímpica 15kg 220cm Eco Serie | PROmachine,BARBELL,CORRECT,BARBELL,WEIGHTLIFTING:STRONGLY_INFERRED,,,,"Removed WEIGHTLIFTING discipline: ""Categoría: Olímpico"" is a technical spec (Olympic sleeve diameter), not discipline-specific evidence — full-catalog check found it on 216/2011 products (55% of all bar/plate SKUs), and sampled product descriptions market the same SKUs for CrossFit/functional/general strength equally. | Deep-audited: full name/category/feature/description evidence read directly."
252,Power Rack Hell Series | HWM®,RACK_CAGE,ACCEPT,RACK_CAGE,,,,,Deep-audited: full name/category/feature/description evidence read directly.
679,Bicicleta de Spinning SP9 | Obelix,CARDIO_MACHINE,ACCEPT,CARDIO_MACHINE,CARDIO_ENDURANCE:STRONGLY_INFERRED,CARDIO_ENDURANCE:STRONGLY_INFERRED,COMMERCIAL_GYM:EXPLICIT,COMMERCIAL_GYM:EXPLICIT,Deep-audited: full name/category/feature/description evidence read directly.
319,Palmeta de Caucho 100x100cm 15mm (Unidad),FLOORING,ACCEPT,FLOORING,,,COMMERCIAL_GYM:EXPLICIT,COMMERCIAL_GYM:EXPLICIT,Deep-audited: full name/category/feature/description evidence read directly.
32,Barra Olímpica 20kg Training | HWM®,BARBELL,CORRECT,BARBELL,WEIGHTLIFTING:STRONGLY_INFERRED,,,,"Removed WEIGHTLIFTING discipline: ""Categoría: Olímpico"" is a technical spec (Olympic sleeve diameter), not discipline-specific evidence — full-catalog check found it on 216/2011 products (55% of all bar/plate SKUs), and sampled product descriptions market the same SKUs for CrossFit/functional/general strength equally. | Confirmatory pass: evidence pattern matches a deep-audited example for the same family/discipline/context combination."
534,Polea de Muro 2.0 ZR Series | PROmachine,CABLE_MACHINE,ACCEPT,CABLE_MACHINE,,,HOME_GYM:EXPLICIT;SMALL_SPACE:EXPLICIT,HOME_GYM:EXPLICIT;SMALL_SPACE:EXPLICIT,Confirmatory pass: evidence pattern matches a deep-audited example for the same family/discipline/context combination.
1237,Trotadora Comercial S1 Series LED | Obelix®,CARDIO_MACHINE,ACCEPT,CARDIO_MACHINE,CARDIO_ENDURANCE:STRONGLY_INFERRED,CARDIO_ENDURANCE:STRONGLY_INFERRED,COMMERCIAL_GYM:EXPLICIT,COMMERCIAL_GYM:EXPLICIT,Confirmatory pass: evidence pattern matches a deep-audited example for the same family/discipline/context combination.
723,Pack 10 Palmetas de Caucho 100x100cm 15mm,FLOORING,ACCEPT,FLOORING,,,COMMERCIAL_GYM:EXPLICIT,COMMERCIAL_GYM:EXPLICIT,Confirmatory pass: evidence pattern matches a deep-audited example for the same family/discipline/context combination.
33,Barra Olímpica 15kg Training | HWM®,BARBELL,CORRECT,BARBELL,WEIGHTLIFTING:STRONGLY_INFERRED,,,,"Removed WEIGHTLIFTING discipline: ""Categoría: Olímpico"" is a technical spec (Olympic sleeve diameter), not discipline-specific evidence — full-catalog check found it on 216/2011 products (55% of all bar/plate SKUs), and sampled product descriptions market the same SKUs for CrossFit/functional/general strength equally. | Confirmatory pass: evidence pattern matches a deep-audited example for the same family/discipline/context combination."
638,Banco Regulable Amarillo Flúor | KONG,BENCH,ACCEPT,BENCH,,,,,Deep-audited: full name/category/feature/description evidence read directly.
212,Banco Regulable Hell | HWM,BENCH,ACCEPT,BENCH,,,HOME_GYM:EXPLICIT,HOME_GYM:EXPLICIT,Confirmatory pass: evidence pattern matches a deep-audited example for the same family/discipline/context combination.
1543,Power Rack Alpha | HWM®,RACK_CAGE,ACCEPT,RACK_CAGE,,,SEMI_COMMERCIAL_STUDIO:EXPLICIT,SEMI_COMMERCIAL_STUDIO:EXPLICIT,Confirmatory pass: evidence pattern matches a deep-audited example for the same family/discipline/context combination.
1504,Dual Cuádriceps / Femoral Sentado MO 2.0 | Obelix®,SELECTORIZED_MACHINE,ACCEPT,SELECTORIZED_MACHINE,,,COMMERCIAL_GYM:EXPLICIT,COMMERCIAL_GYM:EXPLICIT,Deep-audited: full name/category/feature/description evidence read directly.
31,Barra Olímpica 20kg Classic Serie | PROmachine,BARBELL,CORRECT,BARBELL,WEIGHTLIFTING:STRONGLY_INFERRED,,,,"Removed WEIGHTLIFTING discipline: ""Categoría: Olímpico"" is a technical spec (Olympic sleeve diameter), not discipline-specific evidence — full-catalog check found it on 216/2011 products (55% of all bar/plate SKUs), and sampled product descriptions market the same SKUs for CrossFit/functional/general strength equally. | Confirmatory pass: evidence pattern matches a deep-audited example for the same family/discipline/context combination."
1273,Prensa Inclinada 45° Lineal MO 2.0 | Obelix®,PLATE_LOADED_MACHINE,ACCEPT,PLATE_LOADED_MACHINE,,,COMMERCIAL_GYM:EXPLICIT,COMMERCIAL_GYM:EXPLICIT,Deep-audited: full name/category/feature/description evidence read directly.
1505,Dual Abductor / Aductor MO 2.0 | Obelix®,SELECTORIZED_MACHINE,ACCEPT,SELECTORIZED_MACHINE,,,COMMERCIAL_GYM:EXPLICIT,COMMERCIAL_GYM:EXPLICIT,Confirmatory pass: evidence pattern matches a deep-audited example for the same family/discipline/context combination.
1238,Trotadora Comercial S1 Series TFT Touch | Obelix®,CARDIO_MACHINE,ACCEPT,CARDIO_MACHINE,CARDIO_ENDURANCE:STRONGLY_INFERRED,CARDIO_ENDURANCE:STRONGLY_INFERRED,COMMERCIAL_GYM:EXPLICIT,COMMERCIAL_GYM:EXPLICIT,Confirmatory pass: evidence pattern matches a deep-audited example for the same family/discipline/context combination.
1338,Banco Regulable Negro | KONG,BENCH,ACCEPT,BENCH,,,COMMERCIAL_GYM:EXPLICIT,COMMERCIAL_GYM:EXPLICIT,Confirmatory pass: evidence pattern matches a deep-audited example for the same family/discipline/context combination.
1581,Cinturón de Levantamiento Iconlift™ 1.0 Negro | HWM®,PROTECTIVE_GEAR,ACCEPT,PROTECTIVE_GEAR,,,,,Deep-audited: full name/category/feature/description evidence read directly.
1125,Cajón Hip Thrust Acolchado | FullFit,BENCH,ACCEPT,BENCH,,,,,Confirmatory pass: evidence pattern matches a deep-audited example for the same family/discipline/context combination.
824,Par Bumper Plates Eco 10kg | HWM®,WEIGHT_PLATE,CORRECT,WEIGHT_PLATE,WEIGHTLIFTING:STRONGLY_INFERRED,,,,"Removed WEIGHTLIFTING discipline: ""Categoría: Olímpico"" is a technical spec (Olympic sleeve diameter), not discipline-specific evidence — full-catalog check found it on 216/2011 products (55% of all bar/plate SKUs), and sampled product descriptions market the same SKUs for CrossFit/functional/general strength equally. | Deep-audited: full name/category/feature/description evidence read directly."
1586,Cinturón de Levantamiento Iconlift™ 1.0 Magenta | HWM®,PROTECTIVE_GEAR,ACCEPT,PROTECTIVE_GEAR,,,,,Confirmatory pass: evidence pattern matches a deep-audited example for the same family/discipline/context combination.
1585,Cinturón de Levantamiento Iconlift™ 1.0 Coral | HWM®,PROTECTIVE_GEAR,ACCEPT,PROTECTIVE_GEAR,,,,,Confirmatory pass: evidence pattern matches a deep-audited example for the same family/discipline/context combination.
1584,Cinturón de Levantamiento Iconlift™ 1.0 Turquesa | HWM®,PROTECTIVE_GEAR,ACCEPT,PROTECTIVE_GEAR,,,,,Confirmatory pass: evidence pattern matches a deep-audited example for the same family/discipline/context combination.
1595,Par Muñequeras Elásticas Fight 2.0 Magenta | HWM®,PROTECTIVE_GEAR,ACCEPT,PROTECTIVE_GEAR,,,,,Confirmatory pass: evidence pattern matches a deep-audited example for the same family/discipline/context combination.
1609,Par Calleras Black Widow Sin Orificios | HWM®,PROTECTIVE_GEAR,ACCEPT,PROTECTIVE_GEAR,,,,,Confirmatory pass: evidence pattern matches a deep-audited example for the same family/discipline/context combination.
1577,2da Selección - Palmeta De Caucho 100x100cm 15mm (Unidad),FLOORING,ACCEPT,FLOORING,,,,,Deep-audited: full name/category/feature/description evidence read directly.
1601,Par Calleras Essentials Sin Orificios Negro/Rojo | HWM®,PROTECTIVE_GEAR,ACCEPT,PROTECTIVE_GEAR,,,,,Confirmatory pass: evidence pattern matches a deep-audited example for the same family/discipline/context combination.
7,Pack 4 Bandas de Resistencia | HWM®,BAND_SUSPENSION,ACCEPT,BAND_SUSPENSION,,,,,Deep-audited: full name/category/feature/description evidence read directly.
1605,Par Calleras Essentials Sin Orificios Blanco/Negro | HWM®,PROTECTIVE_GEAR,ACCEPT,PROTECTIVE_GEAR,,,,,Confirmatory pass: evidence pattern matches a deep-audited example for the same family/discipline/context combination.
1613,Par Calleras Stone 2.0 Sin Orificios Negro | HWM®,PROTECTIVE_GEAR,ACCEPT,PROTECTIVE_GEAR,,,,,Confirmatory pass: evidence pattern matches a deep-audited example for the same family/discipline/context combination.
366,Set 20kg Maletín Cast Iron,DUMBBELL,ACCEPT,DUMBBELL,,,,,Deep-audited: full name/category/feature/description evidence read directly.
1583,Cinturón de Levantamiento Iconlift™ 1.0 Blanco | HWM®,PROTECTIVE_GEAR,ACCEPT,PROTECTIVE_GEAR,,,,,Confirmatory pass: evidence pattern matches a deep-audited example for the same family/discipline/context combination.
1538,Power Rack Delta | HWM®,RACK_CAGE,ACCEPT,RACK_CAGE,,,HOME_GYM:EXPLICIT,HOME_GYM:EXPLICIT,Confirmatory pass: evidence pattern matches a deep-audited example for the same family/discipline/context combination.
1198,Piso de Caucho Interlock 100x100cm x 15mm (Unidad) Sin Bordes,FLOORING,ACCEPT,FLOORING,,,COMMERCIAL_GYM:EXPLICIT,COMMERCIAL_GYM:EXPLICIT,Confirmatory pass: evidence pattern matches a deep-audited example for the same family/discipline/context combination.
816,Cinturón de Levantamiento Heavy Duty | HWM,PROTECTIVE_GEAR,ACCEPT,PROTECTIVE_GEAR,,,,,Confirmatory pass: evidence pattern matches a deep-audited example for the same family/discipline/context combination.
1612,Par Calleras Stone 2.0 Sin Orificios Turquesa | HWM®,PROTECTIVE_GEAR,ACCEPT,PROTECTIVE_GEAR,,,,,Confirmatory pass: evidence pattern matches a deep-audited example for the same family/discipline/context combination.
779,Airbike Hurricane 3.0 | HWM®,CARDIO_MACHINE,ACCEPT,CARDIO_MACHINE,CARDIO_ENDURANCE:STRONGLY_INFERRED,CARDIO_ENDURANCE:STRONGLY_INFERRED,COMMERCIAL_GYM:EXPLICIT,COMMERCIAL_GYM:EXPLICIT,Confirmatory pass: evidence pattern matches a deep-audited example for the same family/discipline/context combination.
1582,Cinturón de Levantamiento Iconlift™ 1.0 Gris | HWM®,PROTECTIVE_GEAR,ACCEPT,PROTECTIVE_GEAR,,,,,Confirmatory pass: evidence pattern matches a deep-audited example for the same family/discipline/context combination.
230,Par Mancuernas Hexagonales 15kg | HWM®,DUMBBELL,ACCEPT,DUMBBELL,,,,,Deep-audited: full name/category/feature/description evidence read directly.
2084,Máquina Home Gym ULTRA FZ410 68kg - 2da Selección | Forza,OTHER,ACCEPT,OTHER,,,HOME_GYM:STRONGLY_INFERRED,HOME_GYM:STRONGLY_INFERRED,Deep-audited: full name/category/feature/description evidence read directly.
1594,Par Muñequeras Elásticas Fight 2.0 Negro | HWM®,PROTECTIVE_GEAR,ACCEPT,PROTECTIVE_GEAR,,,,,Confirmatory pass: evidence pattern matches a deep-audited example for the same family/discipline/context combination.
1517,Polea Cruzada Corta MO 2.0 | Obelix®,CABLE_MACHINE,ACCEPT,CABLE_MACHINE,,,COMMERCIAL_GYM:EXPLICIT,COMMERCIAL_GYM:EXPLICIT,Confirmatory pass: evidence pattern matches a deep-audited example for the same family/discipline/context combination.
901,Trineo Multifuncional 3.0 Power Sled | HWM®,ROPE_SLED,ACCEPT,ROPE_SLED,HYROX:EXPLICIT,HYROX:EXPLICIT,,,Deep-audited: full name/category/feature/description evidence read directly.
232,Par Mancuernas Hexagonales 20kg | HWM®,DUMBBELL,ACCEPT,DUMBBELL,,,,,Confirmatory pass: evidence pattern matches a deep-audited example for the same family/discipline/context combination.
228,Par Mancuernas Hexagonales 10kg | HWM®,DUMBBELL,ACCEPT,DUMBBELL,,,,,Confirmatory pass: evidence pattern matches a deep-audited example for the same family/discipline/context combination.
1862,Jaula Smith Machine ZR Series | PROmachine,PLATE_LOADED_MACHINE,ACCEPT,PLATE_LOADED_MACHINE,,,HOME_GYM:EXPLICIT,HOME_GYM:EXPLICIT,Deep-audited: full name/category/feature/description evidence read directly.
1602,Par Calleras Essentials Sin Orificios Rosado/Negro | HWM®,PROTECTIVE_GEAR,ACCEPT,PROTECTIVE_GEAR,,,,,Confirmatory pass: evidence pattern matches a deep-audited example for the same family/discipline/context combination.
1596,Par Muñequeras Elásticas Fight 2.0 Turquesa | HWM®,PROTECTIVE_GEAR,ACCEPT,PROTECTIVE_GEAR,,,,,Confirmatory pass: evidence pattern matches a deep-audited example for the same family/discipline/context combination.
818,Cinturón de Levantamiento Straight Black | HWM,PROTECTIVE_GEAR,ACCEPT,PROTECTIVE_GEAR,,,,,Confirmatory pass: evidence pattern matches a deep-audited example for the same family/discipline/context combination.
35,Barra Olímpica Z 6.5kg | PROmachine,BARBELL,CORRECT,BARBELL,WEIGHTLIFTING:STRONGLY_INFERRED,,,,"Removed WEIGHTLIFTING discipline: ""Categoría: Olímpico"" is a technical spec (Olympic sleeve diameter), not discipline-specific evidence — full-catalog check found it on 216/2011 products (55% of all bar/plate SKUs), and sampled product descriptions market the same SKUs for CrossFit/functional/general strength equally. | Confirmatory pass: evidence pattern matches a deep-audited example for the same family/discipline/context combination."
823,Par Bumper Plates Eco 5kg | HWM®,WEIGHT_PLATE,CORRECT,WEIGHT_PLATE,WEIGHTLIFTING:STRONGLY_INFERRED,,,,"Removed WEIGHTLIFTING discipline: ""Categoría: Olímpico"" is a technical spec (Olympic sleeve diameter), not discipline-specific evidence — full-catalog check found it on 216/2011 products (55% of all bar/plate SKUs), and sampled product descriptions market the same SKUs for CrossFit/functional/general strength equally. | Confirmatory pass: evidence pattern matches a deep-audited example for the same family/discipline/context combination."
57,Balón Medicinal 5kg Color Series | HWM®,BALL_BAG,ACCEPT,BALL_BAG,HYROX:EXPLICIT,HYROX:EXPLICIT,,,Deep-audited: full name/category/feature/description evidence read directly.
1971,Palmeta de Caucho 100x100cm 15mm (Unidad) - 2da Selección,FLOORING,ACCEPT,FLOORING,,,,,Confirmatory pass: evidence pattern matches a deep-audited example for the same family/discipline/context combination.
229,Par Mancuernas Hexagonales 12.5kg | HWM®,DUMBBELL,ACCEPT,DUMBBELL,,,,,Confirmatory pass: evidence pattern matches a deep-audited example for the same family/discipline/context combination.
1607,Par Calleras Essentials 3 Orificios Rosado/Negro | HWM®,PROTECTIVE_GEAR,ACCEPT,PROTECTIVE_GEAR,,,,,Confirmatory pass: evidence pattern matches a deep-audited example for the same family/discipline/context combination.
227,Par Mancuernas Hexagonales 7.5kg | HWM®,DUMBBELL,ACCEPT,DUMBBELL,,,,,Confirmatory pass: evidence pattern matches a deep-audited example for the same family/discipline/context combination.
58,Balón Medicinal 7kg Color Series | HWM®,BALL_BAG,ACCEPT,BALL_BAG,HYROX:EXPLICIT,HYROX:EXPLICIT,,,Confirmatory pass: evidence pattern matches a deep-audited example for the same family/discipline/context combination.
1670,Par Guantes Grab Shiny Morado | FullFit,PROTECTIVE_GEAR,ACCEPT,PROTECTIVE_GEAR,,,,,Confirmatory pass: evidence pattern matches a deep-audited example for the same family/discipline/context combination.
2077,Máquina Home Gym PRO FZ402B 68kg - 2da Selección | Forza,OTHER,ACCEPT,OTHER,,,HOME_GYM:STRONGLY_INFERRED,HOME_GYM:STRONGLY_INFERRED,Deep-audited: full name/category/feature/description evidence read directly.
611,Barra Olímpica Cerakote Rojo 20kg | KONG,BARBELL,CORRECT,BARBELL,WEIGHTLIFTING:STRONGLY_INFERRED,,,,"Removed WEIGHTLIFTING discipline: ""Categoría: Olímpico"" is a technical spec (Olympic sleeve diameter), not discipline-specific evidence — full-catalog check found it on 216/2011 products (55% of all bar/plate SKUs), and sampled product descriptions market the same SKUs for CrossFit/functional/general strength equally. | Confirmatory pass: evidence pattern matches a deep-audited example for the same family/discipline/context combination."
1967,Balón Medicinal 9kg Color Series - 2da Selección | HWM®,BALL_BAG,ACCEPT,BALL_BAG,,,,,Confirmatory pass: evidence pattern matches a deep-audited example for the same family/discipline/context combination.
1055,Piso De Caucho 1x1mt 15mm (Unidad) | 2° Selección,FLOORING,ACCEPT,FLOORING,,,,,Confirmatory pass: evidence pattern matches a deep-audited example for the same family/discipline/context combination.
111,Par Crumb Bumper Plates 25Lbs | HWM®,WEIGHT_PLATE,CORRECT,WEIGHT_PLATE,WEIGHTLIFTING:STRONGLY_INFERRED,,,,"Removed WEIGHTLIFTING discipline: ""Categoría: Olímpico"" is a technical spec (Olympic sleeve diameter), not discipline-specific evidence — full-catalog check found it on 216/2011 products (55% of all bar/plate SKUs), and sampled product descriptions market the same SKUs for CrossFit/functional/general strength equally. | Confirmatory pass: evidence pattern matches a deep-audited example for the same family/discipline/context combination."
1646,Rodilleras de Neopreno XBarbell 5mm FullColor | HWM®,PROTECTIVE_GEAR,ACCEPT,PROTECTIVE_GEAR,,,,,Confirmatory pass: evidence pattern matches a deep-audited example for the same family/discipline/context combination.
109,Par Crumb Bumper Plates 10Lbs | HWM®,WEIGHT_PLATE,CORRECT,WEIGHT_PLATE,WEIGHTLIFTING:STRONGLY_INFERRED,,,,"Removed WEIGHTLIFTING discipline: ""Categoría: Olímpico"" is a technical spec (Olympic sleeve diameter), not discipline-specific evidence — full-catalog check found it on 216/2011 products (55% of all bar/plate SKUs), and sampled product descriptions market the same SKUs for CrossFit/functional/general strength equally. | Confirmatory pass: evidence pattern matches a deep-audited example for the same family/discipline/context combination."
775,Bosu Ball 1.0 | Mindfullness,BALL_BAG,ACCEPT,BALL_BAG,,,,,Confirmatory pass: evidence pattern matches a deep-audited example for the same family/discipline/context combination.
1611,Par Calleras Stone 2.0 Sin Orificios Magenta | HWM®,PROTECTIVE_GEAR,ACCEPT,PROTECTIVE_GEAR,,,,,Confirmatory pass: evidence pattern matches a deep-audited example for the same family/discipline/context combination.
110,Par Crumb Bumper Plates 15Lbs | HWM®,WEIGHT_PLATE,CORRECT,WEIGHT_PLATE,WEIGHTLIFTING:STRONGLY_INFERRED,,,,"Removed WEIGHTLIFTING discipline: ""Categoría: Olímpico"" is a technical spec (Olympic sleeve diameter), not discipline-specific evidence — full-catalog check found it on 216/2011 products (55% of all bar/plate SKUs), and sampled product descriptions market the same SKUs for CrossFit/functional/general strength equally. | Confirmatory pass: evidence pattern matches a deep-audited example for the same family/discipline/context combination."
1555,2da Selección - Barra Olímpica 20kg Cerakote Rojo | KONG,BARBELL,ACCEPT,BARBELL,,,,,Deep-audited: full name/category/feature/description evidence read directly.
112,Par Crumb Bumper Plates 35Lbs | HWM®,WEIGHT_PLATE,CORRECT,WEIGHT_PLATE,WEIGHTLIFTING:STRONGLY_INFERRED,,,,"Removed WEIGHTLIFTING discipline: ""Categoría: Olímpico"" is a technical spec (Olympic sleeve diameter), not discipline-specific evidence — full-catalog check found it on 216/2011 products (55% of all bar/plate SKUs), and sampled product descriptions market the same SKUs for CrossFit/functional/general strength equally. | Confirmatory pass: evidence pattern matches a deep-audited example for the same family/discipline/context combination."
1499,Par Discos Olímpicos Grip Rubber 20kg | PROmachine,WEIGHT_PLATE,CORRECT,WEIGHT_PLATE,WEIGHTLIFTING:STRONGLY_INFERRED,,,,"Removed WEIGHTLIFTING discipline: ""Categoría: Olímpico"" is a technical spec (Olympic sleeve diameter), not discipline-specific evidence — full-catalog check found it on 216/2011 products (55% of all bar/plate SKUs), and sampled product descriptions market the same SKUs for CrossFit/functional/general strength equally. | Confirmatory pass: evidence pattern matches a deep-audited example for the same family/discipline/context combination."
1093,Airbike Hurricane 2.0 | 2° Selección | HWM,CARDIO_MACHINE,ACCEPT,CARDIO_MACHINE,CARDIO_ENDURANCE:STRONGLY_INFERRED,CARDIO_ENDURANCE:STRONGLY_INFERRED,,,Deep-audited: full name/category/feature/description evidence read directly.
389,Rack de Almacenamiento Mancuernas 3 Niveles | HWM®,STORAGE,ACCEPT,STORAGE,,,,,Deep-audited: full name/category/feature/description evidence read directly.
2061,Banco Regulable Delta | HWM®,BENCH,ACCEPT,BENCH,,,HOME_GYM:EXPLICIT,HOME_GYM:EXPLICIT,Confirmatory pass: evidence pattern matches a deep-audited example for the same family/discipline/context combination.
1486,Bicicleta de Spinning 850S | VORTEC,CARDIO_MACHINE,ACCEPT,CARDIO_MACHINE,CARDIO_ENDURANCE:STRONGLY_INFERRED,CARDIO_ENDURANCE:STRONGLY_INFERRED,COMMERCIAL_GYM:EXPLICIT,COMMERCIAL_GYM:EXPLICIT,Confirmatory pass: evidence pattern matches a deep-audited example for the same family/discipline/context combination.
1610,Par Calleras Phanter Sin Orificios | HWM®,PROTECTIVE_GEAR,ACCEPT,PROTECTIVE_GEAR,,,,,Confirmatory pass: evidence pattern matches a deep-audited example for the same family/discipline/context combination.
2152,Balón Medicinal 9kg Color Series - 2da Selección Wodstock | HWM®,BALL_BAG,ACCEPT,BALL_BAG,,,,,Confirmatory pass: evidence pattern matches a deep-audited example for the same family/discipline/context combination.
666,Barra Olímpica Cerakote Amarillo 15kg | KONG,BARBELL,CORRECT,BARBELL,WEIGHTLIFTING:STRONGLY_INFERRED,,,,"Removed WEIGHTLIFTING discipline: ""Categoría: Olímpico"" is a technical spec (Olympic sleeve diameter), not discipline-specific evidence — full-catalog check found it on 216/2011 products (55% of all bar/plate SKUs), and sampled product descriptions market the same SKUs for CrossFit/functional/general strength equally. | Confirmatory pass: evidence pattern matches a deep-audited example for the same family/discipline/context combination."
1551,Banco Multifunción Leg/Curl Extension ZR Series | PROmachine,BENCH,ACCEPT,BENCH,,,HOME_GYM:EXPLICIT,HOME_GYM:EXPLICIT,Confirmatory pass: evidence pattern matches a deep-audited example for the same family/discipline/context combination.
1614,Par Calleras Stone 2.0 Sin Orificios Blanco | HWM®,PROTECTIVE_GEAR,ACCEPT,PROTECTIVE_GEAR,,,,,Confirmatory pass: evidence pattern matches a deep-audited example for the same family/discipline/context combination.
1455,Wall Crossover Black ZR Series | PROmachine,CABLE_MACHINE,ACCEPT,CABLE_MACHINE,,,HOME_GYM:EXPLICIT,HOME_GYM:EXPLICIT,Confirmatory pass: evidence pattern matches a deep-audited example for the same family/discipline/context combination.
1497,Par Discos Olímpicos Grip Rubber 10kg | PROmachine,WEIGHT_PLATE,CORRECT,WEIGHT_PLATE,WEIGHTLIFTING:STRONGLY_INFERRED,,,,"Removed WEIGHTLIFTING discipline: ""Categoría: Olímpico"" is a technical spec (Olympic sleeve diameter), not discipline-specific evidence — full-catalog check found it on 216/2011 products (55% of all bar/plate SKUs), and sampled product descriptions market the same SKUs for CrossFit/functional/general strength equally. | Confirmatory pass: evidence pattern matches a deep-audited example for the same family/discipline/context combination."
1549,Banco Plano Alpha | HWM®,BENCH,ACCEPT,BENCH,,,COMMERCIAL_GYM:EXPLICIT,COMMERCIAL_GYM:EXPLICIT,Confirmatory pass: evidence pattern matches a deep-audited example for the same family/discipline/context combination.
85,Cajón Pliométrico Acolchado 3 en 1 (75x50x60cm) | HWM®,OTHER,ACCEPT,OTHER,,,,,Deep-audited: full name/category/feature/description evidence read directly.
1671,Par Guantes Grab Shiny Cian | FullFit,PROTECTIVE_GEAR,ACCEPT,PROTECTIVE_GEAR,,,,,Confirmatory pass: evidence pattern matches a deep-audited example for the same family/discipline/context combination.
1553,2da Selección - Airbike Hurricane 3.0 | HWM®,CARDIO_MACHINE,ACCEPT,CARDIO_MACHINE,CARDIO_ENDURANCE:STRONGLY_INFERRED,CARDIO_ENDURANCE:STRONGLY_INFERRED,,,Confirmatory pass: evidence pattern matches a deep-audited example for the same family/discipline/context combination.
1506,Dual Polea Alta / Remo Bajo MO 2.0 | Obelix®,CABLE_MACHINE,ACCEPT,CABLE_MACHINE,,,COMMERCIAL_GYM:EXPLICIT,COMMERCIAL_GYM:EXPLICIT,Confirmatory pass: evidence pattern matches a deep-audited example for the same family/discipline/context combination.
151,AbMat 1.0 | HWM®,OTHER,ACCEPT,OTHER,,,,,Deep-audited: full name/category/feature/description evidence read directly.
1608,Par Calleras Essentials 3 Orificios Blanco/Negro | HWM®,PROTECTIVE_GEAR,ACCEPT,PROTECTIVE_GEAR,,,,,Confirmatory pass: evidence pattern matches a deep-audited example for the same family/discipline/context combination.
2073,Trotadora Comercial S1 Series TFT Touch - 2da Selección | Obelix®,CARDIO_MACHINE,ACCEPT,CARDIO_MACHINE,CARDIO_ENDURANCE:STRONGLY_INFERRED,CARDIO_ENDURANCE:STRONGLY_INFERRED,COMMERCIAL_GYM:EXPLICIT,COMMERCIAL_GYM:EXPLICIT,Confirmatory pass: evidence pattern matches a deep-audited example for the same family/discipline/context combination.
226,Par Mancuernas Hexagonales 5kg | HWM®,DUMBBELL,ACCEPT,DUMBBELL,,,,,Confirmatory pass: evidence pattern matches a deep-audited example for the same family/discipline/context combination.
2066,Trotadora Comercial S1 Series LED - 2da Selección | Obelix®,CARDIO_MACHINE,ACCEPT,CARDIO_MACHINE,CARDIO_ENDURANCE:STRONGLY_INFERRED,CARDIO_ENDURANCE:STRONGLY_INFERRED,COMMERCIAL_GYM:EXPLICIT,COMMERCIAL_GYM:EXPLICIT,Confirmatory pass: evidence pattern matches a deep-audited example for the same family/discipline/context combination.
1606,Par Calleras Essentials 3 Orificios Negro/Rojo | HWM®,PROTECTIVE_GEAR,ACCEPT,PROTECTIVE_GEAR,,,,,Confirmatory pass: evidence pattern matches a deep-audited example for the same family/discipline/context combination.
1133,Par Rodilleras de Neopreno Camo 5mm | HWM®,PROTECTIVE_GEAR,ACCEPT,PROTECTIVE_GEAR,,,,,Confirmatory pass: evidence pattern matches a deep-audited example for the same family/discipline/context combination.
113,Par Crumb Bumper Plates 45Lbs | HWM®,WEIGHT_PLATE,CORRECT,WEIGHT_PLATE,WEIGHTLIFTING:STRONGLY_INFERRED,,,,"Removed WEIGHTLIFTING discipline: ""Categoría: Olímpico"" is a technical spec (Olympic sleeve diameter), not discipline-specific evidence — full-catalog check found it on 216/2011 products (55% of all bar/plate SKUs), and sampled product descriptions market the same SKUs for CrossFit/functional/general strength equally. | Confirmatory pass: evidence pattern matches a deep-audited example for the same family/discipline/context combination."
1668,Par Guantes Grab Training 2.0 Pink | FullFit,PROTECTIVE_GEAR,ACCEPT,PROTECTIVE_GEAR,,,,,Confirmatory pass: evidence pattern matches a deep-audited example for the same family/discipline/context combination.
1836,Par Guantes de Boxeo | Rising,PROTECTIVE_GEAR,ACCEPT,PROTECTIVE_GEAR,BOXING_MMA:EXPLICIT,BOXING_MMA:EXPLICIT,,,Confirmatory pass: evidence pattern matches a deep-audited example for the same family/discipline/context combination.
1547,Power Rack Magnum | HWM®,RACK_CAGE,ACCEPT,RACK_CAGE,,,COMMERCIAL_GYM:EXPLICIT,COMMERCIAL_GYM:EXPLICIT,Confirmatory pass: evidence pattern matches a deep-audited example for the same family/discipline/context combination.
1633,Discos Powerlifting Chromed Steel 20kg (Par) | XMASTER | 2da Selección,WEIGHT_PLATE,ACCEPT,WEIGHT_PLATE,POWERLIFTING:EXPLICIT,POWERLIFTING:EXPLICIT,,,Deep-audited: full name/category/feature/description evidence read directly.
2231,Polea Dual Multifuncional 70kg ZR Series - 2da Selección | PROmachine (PM-M853A-SU45-2),CABLE_MACHINE,ACCEPT,CABLE_MACHINE,,,,,Deep-audited: full name/category/feature/description evidence read directly.
1632,Discos Powerlifting Chromed Steel 15kg (Par) | XMASTER | 2da Selección,WEIGHT_PLATE,ACCEPT,WEIGHT_PLATE,POWERLIFTING:EXPLICIT,POWERLIFTING:EXPLICIT,,,Deep-audited: full name/category/feature/description evidence read directly.
1717,Máquina Home Gym ULTRA FZ410 68kg | Forza | 2da Selección,OTHER,ACCEPT,OTHER,,,HOME_GYM:STRONGLY_INFERRED,HOME_GYM:STRONGLY_INFERRED,Deep-audited: full name/category/feature/description evidence read directly.
1714,Máquina Home Gym PRO FZ402B 68kg | Forza | 2da Selección,OTHER,ACCEPT,OTHER,,,HOME_GYM:STRONGLY_INFERRED,HOME_GYM:STRONGLY_INFERRED,Deep-audited: full name/category/feature/description evidence read directly.
1631,Discos Powerlifting Chromed Steel 10kg (Par) | XMASTER | 2da Selección,WEIGHT_PLATE,ACCEPT,WEIGHT_PLATE,POWERLIFTING:EXPLICIT,POWERLIFTING:EXPLICIT,,,Confirmatory pass: evidence pattern matches a deep-audited example for the same family/discipline/context combination.
1630,Discos Powerlifting Chromed Steel 5kg (Par) | XMASTER | 2da Selección,WEIGHT_PLATE,ACCEPT,WEIGHT_PLATE,POWERLIFTING:EXPLICIT,POWERLIFTING:EXPLICIT,,,Confirmatory pass: evidence pattern matches a deep-audited example for the same family/discipline/context combination.
2193,Banco Multifuncional + Bandas de Resistencia - 2da Selección | Forza,BENCH;BAND_SUSPENSION,ACCEPT,BENCH;BAND_SUSPENSION,,,,,Deep-audited: full name/category/feature/description evidence read directly.
2214,Banco Multifuncional + Bandas de Resistencia - 2da Selección | Forza (FZ5905-SU45-2),BENCH;BAND_SUSPENSION,ACCEPT,BENCH;BAND_SUSPENSION,,,,,Deep-audited: full name/category/feature/description evidence read directly.
1405,CROP TOP CROSSFIT HATERS ROSADO | KILO Talla: S,APPAREL,ACCEPT,APPAREL,CROSSFIT:EXPLICIT,CROSSFIT:EXPLICIT,,,Deep-audited: full name/category/feature/description evidence read directly.
1711,Balón Pilates 65cm | 2da Selección,YOGA_PILATES,ACCEPT,YOGA_PILATES,YOGA_PILATES:EXPLICIT,YOGA_PILATES:EXPLICIT,,,Deep-audited: full name/category/feature/description evidence read directly.
2174,Palmeta de Caucho 100x100cm 15mm - 2da Selección StrongFit (Unidad),FLOORING,ACCEPT,FLOORING,,,,,Confirmatory pass: evidence pattern matches a deep-audited example for the same family/discipline/context combination.
234,Par Mancuernas Hexagonales 25kg | HWM®,DUMBBELL,ACCEPT,DUMBBELL,,,,,Confirmatory pass: evidence pattern matches a deep-audited example for the same family/discipline/context combination.
90,Soga de Trepa 7mt | HWM®,ROPE_SLED,ACCEPT,ROPE_SLED,HYROX:EXPLICIT,HYROX:EXPLICIT,,,Confirmatory pass: evidence pattern matches a deep-audited example for the same family/discipline/context combination.
1208,Barra Olímpica Cerakote Black Camo 700lb 20kg | HWM,BARBELL,CORRECT,BARBELL,WEIGHTLIFTING:STRONGLY_INFERRED,,,,"Removed WEIGHTLIFTING discipline: ""Categoría: Olímpico"" is a technical spec (Olympic sleeve diameter), not discipline-specific evidence — full-catalog check found it on 216/2011 products (55% of all bar/plate SKUs), and sampled product descriptions market the same SKUs for CrossFit/functional/general strength equally. | Confirmatory pass: evidence pattern matches a deep-audited example for the same family/discipline/context combination."
610,Barra Olímpica Cerakote Pink 15kg | KONG,BARBELL,CORRECT,BARBELL,WEIGHTLIFTING:STRONGLY_INFERRED,,,,"Removed WEIGHTLIFTING discipline: ""Categoría: Olímpico"" is a technical spec (Olympic sleeve diameter), not discipline-specific evidence — full-catalog check found it on 216/2011 products (55% of all bar/plate SKUs), and sampled product descriptions market the same SKUs for CrossFit/functional/general strength equally. | Confirmatory pass: evidence pattern matches a deep-audited example for the same family/discipline/context combination."
1970,Airbike Hurricane 3.0 - 2da Selección | HWM®,CARDIO_MACHINE,ACCEPT,CARDIO_MACHINE,CARDIO_ENDURANCE:STRONGLY_INFERRED,CARDIO_ENDURANCE:STRONGLY_INFERRED,,,Confirmatory pass: evidence pattern matches a deep-audited example for the same family/discipline/context combination.
795,Barra Olímpica Cerakote Black 20kg | KONG,BARBELL,CORRECT,BARBELL,WEIGHTLIFTING:STRONGLY_INFERRED,,,,"Removed WEIGHTLIFTING discipline: ""Categoría: Olímpico"" is a technical spec (Olympic sleeve diameter), not discipline-specific evidence — full-catalog check found it on 216/2011 products (55% of all bar/plate SKUs), and sampled product descriptions market the same SKUs for CrossFit/functional/general strength equally. | Confirmatory pass: evidence pattern matches a deep-audited example for the same family/discipline/context combination."
1269,Extensión de Cuádriceps MO 2.0 Obelix®,SELECTORIZED_MACHINE,ACCEPT,SELECTORIZED_MACHINE,,,COMMERCIAL_GYM:EXPLICIT,COMMERCIAL_GYM:EXPLICIT,Confirmatory pass: evidence pattern matches a deep-audited example for the same family/discipline/context combination.
1949,Set 4 Plyo Box Apilables - 2da Selección | HWM,OTHER,ACCEPT,OTHER,,,,,Deep-audited: full name/category/feature/description evidence read directly.
80,Magnesio 56gr (Unidad) | Araknido,OTHER,ACCEPT,OTHER,,,,,Deep-audited: full name/category/feature/description evidence read directly.
1647,Rodilleras de Neopreno XBarbell 5mm Magenta | HWM®,PROTECTIVE_GEAR,ACCEPT,PROTECTIVE_GEAR,,,,,Confirmatory pass: evidence pattern matches a deep-audited example for the same family/discipline/context combination.
1628,Set 20kg Maletín Cast Iron | 2da Selección,OTHER,ACCEPT,OTHER,,,,,Deep-audited: full name/category/feature/description evidence read directly.
231,Par Mancuernas Hexagonales 17.5kg | HWM®,DUMBBELL,ACCEPT,DUMBBELL,,,,,Confirmatory pass: evidence pattern matches a deep-audited example for the same family/discipline/context combination.
153,Par Colchonetas de Impacto | HWM®,FLOORING,ACCEPT,FLOORING,,,,,Confirmatory pass: evidence pattern matches a deep-audited example for the same family/discipline/context combination.
82,Cajón Pliométrico de Madera 3 en 1 (75x50x60cm) | HWM®,OTHER,ACCEPT,OTHER,,,,,Deep-audited: full name/category/feature/description evidence read directly.
343,Jaula Smith Machine | PROmachine,PLATE_LOADED_MACHINE,ACCEPT,PLATE_LOADED_MACHINE,,,HOME_GYM:EXPLICIT,HOME_GYM:EXPLICIT,Deep-audited: full name/category/feature/description evidence read directly.
711,Pack Garage Kong HWM,OTHER,ACCEPT,OTHER,,,,,Deep-audited: full name/category/feature/description evidence read directly.
437,Soga de Tríceps - Accesorio Polea | Obelix,CABLE_MACHINE,ACCEPT,CABLE_MACHINE,,,,,Confirmatory pass: evidence pattern matches a deep-audited example for the same family/discipline/context combination.
1645,Rodilleras de Neopreno XBarbell 5mm Negro | HWM®,PROTECTIVE_GEAR,ACCEPT,PROTECTIVE_GEAR,,,,,Confirmatory pass: evidence pattern matches a deep-audited example for the same family/discipline/context combination.
9,Banda de Resistencia Light 22mm 50Lbs Negro | HWM®,BAND_SUSPENSION,ACCEPT,BAND_SUSPENSION,,,,,Confirmatory pass: evidence pattern matches a deep-audited example for the same family/discipline/context combination.
2068,Smith Machine ZR Series | PROmachine,PLATE_LOADED_MACHINE,ACCEPT,PLATE_LOADED_MACHINE,,,HOME_GYM:EXPLICIT,HOME_GYM:EXPLICIT,Deep-audited: full name/category/feature/description evidence read directly.
1089,Pack 8 Pares de Mancuernas Black + Rack | HWM,DUMBBELL;RACK_CAGE,ACCEPT,DUMBBELL;RACK_CAGE,,,,,Deep-audited: full name/category/feature/description evidence read directly.
54,Par Anillas Olímpicas de Gimnasia Madera | HWM®,BODYWEIGHT_GYMNASTICS,ACCEPT,BODYWEIGHT_GYMNASTICS,CALISTHENICS:STRONGLY_INFERRED,CALISTHENICS:STRONGLY_INFERRED,,,Deep-audited: full name/category/feature/description evidence read directly.
330,Pack 15kg Fraccionales | HWM®,WEIGHT_PLATE,CORRECT,WEIGHT_PLATE,WEIGHTLIFTING:STRONGLY_INFERRED,,,,"Removed WEIGHTLIFTING discipline: ""Categoría: Olímpico"" is a technical spec (Olympic sleeve diameter), not discipline-specific evidence — full-catalog check found it on 216/2011 products (55% of all bar/plate SKUs), and sampled product descriptions market the same SKUs for CrossFit/functional/general strength equally. | Confirmatory pass: evidence pattern matches a deep-audited example for the same family/discipline/context combination."
1481,2° Selección - Airbike Hurricane 3.0 | HWM,CARDIO_MACHINE,ACCEPT,CARDIO_MACHINE,CARDIO_ENDURANCE:STRONGLY_INFERRED,CARDIO_ENDURANCE:STRONGLY_INFERRED,,,Confirmatory pass: evidence pattern matches a deep-audited example for the same family/discipline/context combination.
1136,Par Rodilleras de Neopreno Red 5mm | HWM®,PROTECTIVE_GEAR,ACCEPT,PROTECTIVE_GEAR,,,,,Confirmatory pass: evidence pattern matches a deep-audited example for the same family/discipline/context combination.
1995,Almohadilla Búlgara Accesorio Alpha | HWM®,MACHINE_ATTACHMENT,ACCEPT,MACHINE_ATTACHMENT,,,,,Deep-audited: full name/category/feature/description evidence read directly.
549,Set 30kg Mancuernas Eco Rojo | Forza,DUMBBELL,ACCEPT,DUMBBELL,,,,,Confirmatory pass: evidence pattern matches a deep-audited example for the same family/discipline/context combination.
2132,Mat de Yoga TPE C/Colgador 173x61cm 8mm | Rising,YOGA_PILATES,ACCEPT,YOGA_PILATES,YOGA_PILATES:EXPLICIT,YOGA_PILATES:EXPLICIT,,,Confirmatory pass: evidence pattern matches a deep-audited example for the same family/discipline/context combination.
1550,Banco Regulable Alpha | HWM®,BENCH,ACCEPT,BENCH,,,COMMERCIAL_GYM:EXPLICIT,COMMERCIAL_GYM:EXPLICIT,Confirmatory pass: evidence pattern matches a deep-audited example for the same family/discipline/context combination.
439,Banco Regulable Pro | HWM,BENCH,ACCEPT,BENCH,,,,,Confirmatory pass: evidence pattern matches a deep-audited example for the same family/discipline/context combination.
154,Colchoneta Pu Negro 100x50x5cm| HWM®,FLOORING,ACCEPT,FLOORING,,,,,Confirmatory pass: evidence pattern matches a deep-audited example for the same family/discipline/context combination.
458,Trotadora GT3 Series Led | Obelix,CARDIO_MACHINE,ACCEPT,CARDIO_MACHINE,CARDIO_ENDURANCE:STRONGLY_INFERRED,CARDIO_ENDURANCE:STRONGLY_INFERRED,HOME_GYM:EXPLICIT,HOME_GYM:EXPLICIT,Confirmatory pass: evidence pattern matches a deep-audited example for the same family/discipline/context combination.
1556,2da Selección - Barra Olímpica 15kg Cerakote Amarillo | KONG,BARBELL,ACCEPT,BARBELL,,,,,Confirmatory pass: evidence pattern matches a deep-audited example for the same family/discipline/context combination.
59,Balón Medicinal 9kg Color Series | HWM®,BALL_BAG,ACCEPT,BALL_BAG,HYROX:EXPLICIT,HYROX:EXPLICIT,,,Confirmatory pass: evidence pattern matches a deep-audited example for the same family/discipline/context combination.
1669,Par Guantes Grab Training 2.0 Negro | FullFit,PROTECTIVE_GEAR,ACCEPT,PROTECTIVE_GEAR,,,,,Confirmatory pass: evidence pattern matches a deep-audited example for the same family/discipline/context combination.
10,Banda de Resistencia Medium 32mm 80Lbs Morado | HWM®,BAND_SUSPENSION,ACCEPT,BAND_SUSPENSION,,,,,Confirmatory pass: evidence pattern matches a deep-audited example for the same family/discipline/context combination.
1478,2° Selección - Piso De Caucho 1x1mt 15mm (Unidad),FLOORING,ACCEPT,FLOORING,,,,,Confirmatory pass: evidence pattern matches a deep-audited example for the same family/discipline/context combination.
1673,Par Guantes Fitness Ranger Black | FullFit,PROTECTIVE_GEAR,ACCEPT,PROTECTIVE_GEAR,,,,,Confirmatory pass: evidence pattern matches a deep-audited example for the same family/discipline/context combination.
722,Pack 4 Palmetas de Caucho 100x100cm 15mm,FLOORING,ACCEPT,FLOORING,,,COMMERCIAL_GYM:EXPLICIT,COMMERCIAL_GYM:EXPLICIT,Confirmatory pass: evidence pattern matches a deep-audited example for the same family/discipline/context combination.
1571,Rampa Caminata de Manos | HWM® | 2da Selección,BODYWEIGHT_GYMNASTICS,ACCEPT,BODYWEIGHT_GYMNASTICS,CALISTHENICS:STRONGLY_INFERRED,CALISTHENICS:STRONGLY_INFERRED,,,Deep-audited: full name/category/feature/description evidence read directly.
2163,Rampa Caminata de Manos - 2da Selección StrongFit| HWM®,BODYWEIGHT_GYMNASTICS,ACCEPT,BODYWEIGHT_GYMNASTICS,CALISTHENICS:STRONGLY_INFERRED,CALISTHENICS:STRONGLY_INFERRED,,,Confirmatory pass: evidence pattern matches a deep-audited example for the same family/discipline/context combination.
2134,Multifuncional Smith ZR Series | PROmachine,PLATE_LOADED_MACHINE,CORRECT,PLATE_LOADED_MACHINE;CABLE_MACHINE,,,HOME_GYM:EXPLICIT,HOME_GYM:EXPLICIT,"Added secondary family CABLE_MACHINE: product description confirms this is a manufactured 3-in-1 unit (Half Rack + Smith Machine + Dual Pulley system), not just a naming coincidence with other Smith-machine SKUs. | Deep-audited: full name/category/feature/description evidence read directly."
898,Banco Plano Amarillo Flúor | KONG,BENCH,ACCEPT,BENCH,,,,,Confirmatory pass: evidence pattern matches a deep-audited example for the same family/discipline/context combination.
186,Kettlebell Acero 20kg | HWM®,KETTLEBELL,ACCEPT,KETTLEBELL,HYROX:EXPLICIT,HYROX:EXPLICIT,,,Deep-audited: full name/category/feature/description evidence read directly.
899,Lat Pulldown Heavy Duty Series | HWM®,CABLE_MACHINE,ACCEPT,CABLE_MACHINE,,,,,Confirmatory pass: evidence pattern matches a deep-audited example for the same family/discipline/context combination.
370,Pack Grip 105kg | PROmachine,OTHER,ACCEPT,OTHER,,,,,Deep-audited: full name/category/feature/description evidence read directly.
1572,Set 4 Plyo Box Apilables | HWM | 2da Selección,OTHER,ACCEPT,OTHER,,,,,Deep-audited: full name/category/feature/description evidence read directly.
686,Bumper Plates 35lb Wodstock (Par) | 2° Selección | HWM,WEIGHT_PLATE,ACCEPT,WEIGHT_PLATE,,,,,Deep-audited: full name/category/feature/description evidence read directly.
1603,Palmeta De Caucho 100x100cm x 15mm (Unidad) | 2da Selección,FLOORING,ACCEPT,FLOORING,,,,,Confirmatory pass: evidence pattern matches a deep-audited example for the same family/discipline/context combination.
251,Power Rack de Muro Plegable | HWM,RACK_CAGE,ACCEPT,RACK_CAGE,,,SMALL_SPACE:EXPLICIT,SMALL_SPACE:EXPLICIT,Confirmatory pass: evidence pattern matches a deep-audited example for the same family/discipline/context combination.
1979,Sand Bag Training 25kg - 2da Selección | HWM®,BALL_BAG,ACCEPT,BALL_BAG,,,,,Deep-audited: full name/category/feature/description evidence read directly.
1978,Sand Bag Training 20kg - 2da Selección | HWM®,BALL_BAG,ACCEPT,BALL_BAG,,,,,Confirmatory pass: evidence pattern matches a deep-audited example for the same family/discipline/context combination.
1977,Sand Bag Training 10kg - 2da Selección | HWM®,BALL_BAG,ACCEPT,BALL_BAG,,,,,Confirmatory pass: evidence pattern matches a deep-audited example for the same family/discipline/context combination.
1096,Banco GHD Glute Ham Developer 1.0 | 2° Selección | HWM,BENCH,ACCEPT,BENCH,,,,,Deep-audited: full name/category/feature/description evidence read directly.
1835,Par Guantes MMA | Rising,PROTECTIVE_GEAR,ACCEPT,PROTECTIVE_GEAR,BOXING_MMA:EXPLICIT,BOXING_MMA:EXPLICIT,,,Confirmatory pass: evidence pattern matches a deep-audited example for the same family/discipline/context combination.
1890,2da Selección - Air Ski Trainer Eco Smart Connect | XEBEX,CARDIO_MACHINE,ACCEPT,CARDIO_MACHINE,CARDIO_ENDURANCE:STRONGLY_INFERRED,CARDIO_ENDURANCE:STRONGLY_INFERRED,,,Deep-audited: full name/category/feature/description evidence read directly.
1161,Bicicleta de Spinning Training Lite Series | Obelix,CARDIO_MACHINE,ACCEPT,CARDIO_MACHINE,CARDIO_ENDURANCE:STRONGLY_INFERRED,CARDIO_ENDURANCE:STRONGLY_INFERRED,HOME_GYM:EXPLICIT,HOME_GYM:EXPLICIT,Confirmatory pass: evidence pattern matches a deep-audited example for the same family/discipline/context combination.
1152,Pack 100kg Eco Series | HWM®,WEIGHT_PLATE,CORRECT,WEIGHT_PLATE,WEIGHTLIFTING:STRONGLY_INFERRED,,,,"Removed WEIGHTLIFTING discipline: ""Categoría: Olímpico"" is a technical spec (Olympic sleeve diameter), not discipline-specific evidence — full-catalog check found it on 216/2011 products (55% of all bar/plate SKUs), and sampled product descriptions market the same SKUs for CrossFit/functional/general strength equally. | Deep-audited: full name/category/feature/description evidence read directly."
966,Pack 10 Colchonetas Black/Red Pu 100x50x5cm | FullFit,FLOORING,ACCEPT,FLOORING,,,,,Confirmatory pass: evidence pattern matches a deep-audited example for the same family/discipline/context combination.
183,Kettlebell Acero 10kg | HWM®,KETTLEBELL,ACCEPT,KETTLEBELL,HYROX:EXPLICIT,HYROX:EXPLICIT,,,Confirmatory pass: evidence pattern matches a deep-audited example for the same family/discipline/context combination.
872,Colchoneta Oxford Negro/Rojo 100x50x5cm | FullFit,FLOORING,ACCEPT,FLOORING,,,,,Confirmatory pass: evidence pattern matches a deep-audited example for the same family/discipline/context combination.
1834,Par Vendas de Boxeo Talla M - Amarillo | Rising,PROTECTIVE_GEAR,ACCEPT,PROTECTIVE_GEAR,BOXING_MMA:EXPLICIT,BOXING_MMA:EXPLICIT,,,Deep-audited: full name/category/feature/description evidence read directly.
537,Set 50kg Maletí­n Cast Iron,DUMBBELL,ACCEPT,DUMBBELL,,,,,Deep-audited: full name/category/feature/description evidence read directly.
1532,Cámara Hiperbárica ST801 1.5ATA | O2Life,RECOVERY_TOOL,ACCEPT,RECOVERY_TOOL,REHABILITATION:STRONGLY_INFERRED,REHABILITATION:STRONGLY_INFERRED,COMMERCIAL_GYM:EXPLICIT;CLINICAL_RECOVERY:STRONGLY_INFERRED,COMMERCIAL_GYM:EXPLICIT;CLINICAL_RECOVERY:STRONGLY_INFERRED,Deep-audited: full name/category/feature/description evidence read directly.
592,Banco Regulable 3.0 | PROmachine,BENCH,ACCEPT,BENCH,,,HOME_GYM:STRONGLY_INFERRED,HOME_GYM:STRONGLY_INFERRED,Deep-audited: full name/category/feature/description evidence read directly.
1986,Bicicleta de Spinning SP9 - 2da Selección | Obelix,CARDIO_MACHINE,ACCEPT,CARDIO_MACHINE,CARDIO_ENDURANCE:STRONGLY_INFERRED,CARDIO_ENDURANCE:STRONGLY_INFERRED,,,Confirmatory pass: evidence pattern matches a deep-audited example for the same family/discipline/context combination.
184,Kettlebell Acero 12kg | HWM®,KETTLEBELL,ACCEPT,KETTLEBELL,HYROX:EXPLICIT,HYROX:EXPLICIT,,,Confirmatory pass: evidence pattern matches a deep-audited example for the same family/discipline/context combination.
2144,Trotadora Curva AirRunner 1.0 - 2da Selección (Reacondicionado) | HWM®,CARDIO_MACHINE,ACCEPT,CARDIO_MACHINE,CARDIO_ENDURANCE:STRONGLY_INFERRED,CARDIO_ENDURANCE:STRONGLY_INFERRED,,,Deep-audited: full name/category/feature/description evidence read directly.
506,Palmeta de Caucho 50x50cm x 25mm (Unidad),FLOORING,ACCEPT,FLOORING,,,OUTDOOR_HIGH_TRAFFIC:EXPLICIT,OUTDOOR_HIGH_TRAFFIC:EXPLICIT,Confirmatory pass: evidence pattern matches a deep-audited example for the same family/discipline/context combination.
1702,2da Selección - Trotadora Curva AirRunner 1.0 | HWM,CARDIO_MACHINE,ACCEPT,CARDIO_MACHINE,CARDIO_ENDURANCE:STRONGLY_INFERRED,CARDIO_ENDURANCE:STRONGLY_INFERRED,,,Confirmatory pass: evidence pattern matches a deep-audited example for the same family/discipline/context combination.
1123,Bicicleta de Spinning Home FZ1.0 | Forza,CARDIO_MACHINE,ACCEPT,CARDIO_MACHINE,CARDIO_ENDURANCE:STRONGLY_INFERRED,CARDIO_ENDURANCE:STRONGLY_INFERRED,HOME_GYM:EXPLICIT,HOME_GYM:EXPLICIT,Confirmatory pass: evidence pattern matches a deep-audited example for the same family/discipline/context combination.
1482,2° Selección - Sand Bag Training 25kg | HWM,BALL_BAG,ACCEPT,BALL_BAG,,,,,Confirmatory pass: evidence pattern matches a deep-audited example for the same family/discipline/context combination.
2013,Bicicleta de Spinning 812NX - 2da Selección | VORTEC,CARDIO_MACHINE,ACCEPT,CARDIO_MACHINE,CARDIO_ENDURANCE:STRONGLY_INFERRED,CARDIO_ENDURANCE:STRONGLY_INFERRED,,,Deep-audited: full name/category/feature/description evidence read directly.
1322,Tatami Eva Mat Negro/Gris Puzzle c/borde 100x100cm 20mm (Unidad),FLOORING,ACCEPT,FLOORING,,,,,Confirmatory pass: evidence pattern matches a deep-audited example for the same family/discipline/context combination.
2269,Palmeta de Caucho 100x100cm 15mm (Unidad) - 2da Selección (PC15-SU45-2),FLOORING,ACCEPT,FLOORING,,,,,Confirmatory pass: evidence pattern matches a deep-audited example for the same family/discipline/context combination.
1892,2da Selección - Palmeta De Caucho 100x100cm 15mm (Unidad),FLOORING,ACCEPT,FLOORING,,,,,Confirmatory pass: evidence pattern matches a deep-audited example for the same family/discipline/context combination.
1183,Pack 105kg Mancuernas Hexagonales + Rack Vertical | HWM®,DUMBBELL;STORAGE,ACCEPT,DUMBBELL;STORAGE,,,,,Deep-audited: full name/category/feature/description evidence read directly.
1151,Pack 150kg Eco Series | HWM®,WEIGHT_PLATE,CORRECT,WEIGHT_PLATE,WEIGHTLIFTING:STRONGLY_INFERRED,,,,"Removed WEIGHTLIFTING discipline: ""Categoría: Olímpico"" is a technical spec (Olympic sleeve diameter), not discipline-specific evidence — full-catalog check found it on 216/2011 products (55% of all bar/plate SKUs), and sampled product descriptions market the same SKUs for CrossFit/functional/general strength equally. | Deep-audited: full name/category/feature/description evidence read directly."
1199,Piso de Caucho Rollo 10x1mt x 6mm,FLOORING,ACCEPT,FLOORING,,,COMMERCIAL_GYM:EXPLICIT,COMMERCIAL_GYM:EXPLICIT,Confirmatory pass: evidence pattern matches a deep-audited example for the same family/discipline/context combination.
973,Jaula Smith Machine ZR Series | PROmachine,PLATE_LOADED_MACHINE,ACCEPT,PLATE_LOADED_MACHINE,,,HOME_GYM:EXPLICIT,HOME_GYM:EXPLICIT,Deep-audited: full name/category/feature/description evidence read directly.
746,Squat Rack | KONG,RACK_CAGE,ACCEPT,RACK_CAGE,,,,,Confirmatory pass: evidence pattern matches a deep-audited example for the same family/discipline/context combination.
536,Set 30kg Maletín Cast Iron,DUMBBELL,ACCEPT,DUMBBELL,,,,,Deep-audited: full name/category/feature/description evidence read directly.
159,Expander Tube Soft Rojo | FullFit,BAND_SUSPENSION,ACCEPT,BAND_SUSPENSION,,,,,Confirmatory pass: evidence pattern matches a deep-audited example for the same family/discipline/context combination.
123,Par Discos Olímpicos Grip 10kg | PROmachine,WEIGHT_PLATE,CORRECT,WEIGHT_PLATE,WEIGHTLIFTING:STRONGLY_INFERRED,,,,"Removed WEIGHTLIFTING discipline: ""Categoría: Olímpico"" is a technical spec (Olympic sleeve diameter), not discipline-specific evidence — full-catalog check found it on 216/2011 products (55% of all bar/plate SKUs), and sampled product descriptions market the same SKUs for CrossFit/functional/general strength equally. | Confirmatory pass: evidence pattern matches a deep-audited example for the same family/discipline/context combination."
467,X-Mount Anclaje Banda de Suspensión | FullFit,BAND_SUSPENSION,ACCEPT,BAND_SUSPENSION,,,,,Confirmatory pass: evidence pattern matches a deep-audited example for the same family/discipline/context combination.
887,Power Rack Heavy Duty Series | HWM,RACK_CAGE,ACCEPT,RACK_CAGE,,,,,Confirmatory pass: evidence pattern matches a deep-audited example for the same family/discipline/context combination.
1264,Trotadora GTX Max Series Touch | Obelix,CARDIO_MACHINE,ACCEPT,CARDIO_MACHINE,CARDIO_ENDURANCE:STRONGLY_INFERRED,CARDIO_ENDURANCE:STRONGLY_INFERRED,COMMERCIAL_GYM:EXPLICIT,COMMERCIAL_GYM:EXPLICIT,Confirmatory pass: evidence pattern matches a deep-audited example for the same family/discipline/context combination.