productId,productName,catalogPresence,primaryProductFamily,secondaryProductFamilies,disciplines,useContexts,classificationEvidence,evidenceStrength,sourceProblems,ontologyProblems,reviewNotes
176,Crossover Lat Pulldown ZR Series | PROmachine,current_catalog,CABLE_MACHINE,,,HOME_GYM:EXPLICIT,family:name | feature:Clasificación de Uso | useContext:HOME_GYM(EXPLICIT),EXPLICIT,,,
1427,Polea de Muro 1.0 ZR Series | PROmachine,current_catalog,CABLE_MACHINE,,,HOME_GYM:EXPLICIT;SMALL_SPACE:EXPLICIT,"family:name | feature:Clasificación de Uso | useContext:HOME_GYM(EXPLICIT),SMALL_SPACE(EXPLICIT)",EXPLICIT,,,
29,Barra Olímpica 15kg 220cm Eco Serie | PROmachine,current_catalog,BARBELL,,WEIGHTLIFTING:STRONGLY_INFERRED,,family:name | feature:Categoría | discipline:WEIGHTLIFTING(STRONGLY_INFERRED),EXPLICIT,,,
252,Power Rack Hell Series | HWM®,current_catalog,RACK_CAGE,,,,family:name,EXPLICIT,,,
679,Bicicleta de Spinning SP9 | Obelix,current_catalog,CARDIO_MACHINE,,CARDIO_ENDURANCE:STRONGLY_INFERRED,COMMERCIAL_GYM:EXPLICIT,family:name | feature:Clasificación de Uso | discipline:CARDIO_ENDURANCE(STRONGLY_INFERRED) | useContext:COMMERCIAL_GYM(EXPLICIT),EXPLICIT,,,
319,Palmeta de Caucho 100x100cm 15mm (Unidad),current_catalog,FLOORING,,,COMMERCIAL_GYM:EXPLICIT,family:name | feature:Clasificación de Uso | useContext:COMMERCIAL_GYM(EXPLICIT),EXPLICIT,,,
32,Barra Olímpica 20kg Training | HWM®,current_catalog,BARBELL,,WEIGHTLIFTING:STRONGLY_INFERRED,,family:name | feature:Categoría | discipline:WEIGHTLIFTING(STRONGLY_INFERRED),EXPLICIT,,,
534,Polea de Muro 2.0 ZR Series | PROmachine,current_catalog,CABLE_MACHINE,,,HOME_GYM:EXPLICIT;SMALL_SPACE:EXPLICIT,"family:name | feature:Clasificación de Uso | useContext:HOME_GYM(EXPLICIT),SMALL_SPACE(EXPLICIT)",EXPLICIT,,,
1237,Trotadora Comercial S1 Series LED | Obelix®,current_catalog,CARDIO_MACHINE,,CARDIO_ENDURANCE:STRONGLY_INFERRED,COMMERCIAL_GYM:EXPLICIT,family:name | feature:Clasificación de Uso | discipline:CARDIO_ENDURANCE(STRONGLY_INFERRED) | useContext:COMMERCIAL_GYM(EXPLICIT),EXPLICIT,,,
723,Pack 10 Palmetas de Caucho 100x100cm 15mm,current_catalog,FLOORING,,,COMMERCIAL_GYM:EXPLICIT,family:name | feature:Clasificación de Uso | useContext:COMMERCIAL_GYM(EXPLICIT),EXPLICIT,,,"Sold as multi-unit pack/set; not treated as a separate PRODUCT_FAMILY (PACK_SET dropped, see ontology decision)"
33,Barra Olímpica 15kg Training | HWM®,current_catalog,BARBELL,,WEIGHTLIFTING:STRONGLY_INFERRED,,family:name | feature:Categoría | discipline:WEIGHTLIFTING(STRONGLY_INFERRED),EXPLICIT,,,
638,Banco Regulable Amarillo Flúor | KONG,current_catalog,BENCH,,,,family:name,EXPLICIT,,,
212,Banco Regulable Hell | HWM,current_catalog,BENCH,,,HOME_GYM:EXPLICIT,family:name | feature:Clasificación de Uso | useContext:HOME_GYM(EXPLICIT),EXPLICIT,,,
1543,Power Rack Alpha | HWM®,current_catalog,RACK_CAGE,,,SEMI_COMMERCIAL_STUDIO:EXPLICIT,family:name | feature:Clasificación de Uso | useContext:SEMI_COMMERCIAL_STUDIO(EXPLICIT),EXPLICIT,,,
1504,Dual Cuádriceps / Femoral Sentado MO 2.0 | Obelix®,current_catalog,SELECTORIZED_MACHINE,,,COMMERCIAL_GYM:EXPLICIT,family:name | feature:Clasificación de Uso | useContext:COMMERCIAL_GYM(EXPLICIT),EXPLICIT,,,
31,Barra Olímpica 20kg Classic Serie | PROmachine,current_catalog,BARBELL,,WEIGHTLIFTING:STRONGLY_INFERRED,,family:name | feature:Categoría | discipline:WEIGHTLIFTING(STRONGLY_INFERRED),EXPLICIT,,,
1273,Prensa Inclinada 45° Lineal MO 2.0 | Obelix®,current_catalog,PLATE_LOADED_MACHINE,,,COMMERCIAL_GYM:EXPLICIT,family:name | feature:Clasificación de Uso | useContext:COMMERCIAL_GYM(EXPLICIT),EXPLICIT,,,
1505,Dual Abductor / Aductor MO 2.0 | Obelix®,current_catalog,SELECTORIZED_MACHINE,,,COMMERCIAL_GYM:EXPLICIT,family:name | feature:Clasificación de Uso | useContext:COMMERCIAL_GYM(EXPLICIT),EXPLICIT,,,
1238,Trotadora Comercial S1 Series TFT Touch | Obelix®,current_catalog,CARDIO_MACHINE,,CARDIO_ENDURANCE:STRONGLY_INFERRED,COMMERCIAL_GYM:EXPLICIT,family:name | feature:Clasificación de Uso | discipline:CARDIO_ENDURANCE(STRONGLY_INFERRED) | useContext:COMMERCIAL_GYM(EXPLICIT),EXPLICIT,,,
1338,Banco Regulable Negro | KONG,current_catalog,BENCH,,,COMMERCIAL_GYM:EXPLICIT,family:name | feature:Clasificación de Uso | useContext:COMMERCIAL_GYM(EXPLICIT),EXPLICIT,,,
1581,Cinturón de Levantamiento Iconlift™ 1.0 Negro | HWM®,current_catalog,PROTECTIVE_GEAR,,,,family:name,EXPLICIT,,,
1125,Cajón Hip Thrust Acolchado | FullFit,current_catalog,BENCH,,,,family:name,EXPLICIT,,,
824,Par Bumper Plates Eco 10kg | HWM®,current_catalog,WEIGHT_PLATE,,WEIGHTLIFTING:STRONGLY_INFERRED,,family:name | feature:Categoría | discipline:WEIGHTLIFTING(STRONGLY_INFERRED),EXPLICIT,,,
1586,Cinturón de Levantamiento Iconlift™ 1.0 Magenta | HWM®,current_catalog,PROTECTIVE_GEAR,,,,family:name,EXPLICIT,,,
1585,Cinturón de Levantamiento Iconlift™ 1.0 Coral | HWM®,current_catalog,PROTECTIVE_GEAR,,,,family:name,EXPLICIT,,,
1584,Cinturón de Levantamiento Iconlift™ 1.0 Turquesa | HWM®,current_catalog,PROTECTIVE_GEAR,,,,family:name,EXPLICIT,,,
1595,Par Muñequeras Elásticas Fight 2.0 Magenta | HWM®,current_catalog,PROTECTIVE_GEAR,,,,family:name,EXPLICIT,,,
1609,Par Calleras Black Widow Sin Orificios | HWM®,current_catalog,PROTECTIVE_GEAR,,,,family:name,EXPLICIT,,,
1577,2da Selección - Palmeta De Caucho 100x100cm 15mm (Unidad),historical_order_detail_only,FLOORING,,,,family:name,EXPLICIT,HISTORICAL_DATA_GAP,,
1601,Par Calleras Essentials Sin Orificios Negro/Rojo | HWM®,current_catalog,PROTECTIVE_GEAR,,,,family:name,EXPLICIT,,,
7,Pack 4 Bandas de Resistencia | HWM®,current_catalog,BAND_SUSPENSION,,,,family:name,EXPLICIT,,,"Sold as multi-unit pack/set; not treated as a separate PRODUCT_FAMILY (PACK_SET dropped, see ontology decision)"
1605,Par Calleras Essentials Sin Orificios Blanco/Negro | HWM®,current_catalog,PROTECTIVE_GEAR,,,,family:name,EXPLICIT,,,
1613,Par Calleras Stone 2.0 Sin Orificios Negro | HWM®,current_catalog,PROTECTIVE_GEAR,,,,family:name,EXPLICIT,,,
366,Set 20kg Maletín Cast Iron,current_catalog,DUMBBELL,,,,family:category,STRONGLY_INFERRED,,,"Sold as multi-unit pack/set; not treated as a separate PRODUCT_FAMILY (PACK_SET dropped, see ontology decision)"
1583,Cinturón de Levantamiento Iconlift™ 1.0 Blanco | HWM®,current_catalog,PROTECTIVE_GEAR,,,,family:name,EXPLICIT,,,
1538,Power Rack Delta | HWM®,current_catalog,RACK_CAGE,,,HOME_GYM:EXPLICIT,family:name | feature:Clasificación de Uso | useContext:HOME_GYM(EXPLICIT),EXPLICIT,,,
1198,Piso de Caucho Interlock 100x100cm x 15mm (Unidad) Sin Bordes,current_catalog,FLOORING,,,COMMERCIAL_GYM:EXPLICIT,family:name | feature:Clasificación de Uso | useContext:COMMERCIAL_GYM(EXPLICIT),EXPLICIT,,,
816,Cinturón de Levantamiento Heavy Duty | HWM,current_catalog,PROTECTIVE_GEAR,,,,family:name,EXPLICIT,,,
1612,Par Calleras Stone 2.0 Sin Orificios Turquesa | HWM®,current_catalog,PROTECTIVE_GEAR,,,,family:name,EXPLICIT,,,
779,Airbike Hurricane 3.0 | HWM®,current_catalog,CARDIO_MACHINE,,CARDIO_ENDURANCE:STRONGLY_INFERRED,COMMERCIAL_GYM:EXPLICIT,family:name | feature:Clasificación de Uso | discipline:CARDIO_ENDURANCE(STRONGLY_INFERRED) | useContext:COMMERCIAL_GYM(EXPLICIT),EXPLICIT,,,
1582,Cinturón de Levantamiento Iconlift™ 1.0 Gris | HWM®,current_catalog,PROTECTIVE_GEAR,,,,family:name,EXPLICIT,,,
230,Par Mancuernas Hexagonales 15kg | HWM®,current_catalog,DUMBBELL,,,,family:name,EXPLICIT,,,
2084,Máquina Home Gym ULTRA FZ410 68kg - 2da Selección | Forza,historical_order_detail_only,OTHER,,,HOME_GYM:STRONGLY_INFERRED,useContext:HOME_GYM(STRONGLY_INFERRED),INSUFFICIENT_EVIDENCE,HISTORICAL_DATA_GAP,INSUFFICIENT_EVIDENCE,No name or trusted-category evidence matched any PRODUCT_FAMILY rule; assigned OTHER as fallback
1594,Par Muñequeras Elásticas Fight 2.0 Negro | HWM®,current_catalog,PROTECTIVE_GEAR,,,,family:name,EXPLICIT,,,
1517,Polea Cruzada Corta MO 2.0 | Obelix®,current_catalog,CABLE_MACHINE,,,COMMERCIAL_GYM:EXPLICIT,family:name | feature:Clasificación de Uso | useContext:COMMERCIAL_GYM(EXPLICIT),EXPLICIT,,,
901,Trineo Multifuncional 3.0 Power Sled | HWM®,current_catalog,ROPE_SLED,,HYROX:EXPLICIT,,family:name | discipline:HYROX(EXPLICIT),EXPLICIT,,,
232,Par Mancuernas Hexagonales 20kg | HWM®,current_catalog,DUMBBELL,,,,family:name,EXPLICIT,,,
228,Par Mancuernas Hexagonales 10kg | HWM®,current_catalog,DUMBBELL,,,,family:name,EXPLICIT,,,
1862,Jaula Smith Machine ZR Series | PROmachine,current_catalog,PLATE_LOADED_MACHINE,,,HOME_GYM:EXPLICIT,family:name | feature:Clasificación de Uso | useContext:HOME_GYM(EXPLICIT),EXPLICIT,,AXIS_OVERLAP,"Smith machine hybrid: classified PLATE_LOADED_MACHINE per consistent ""Máquinas con Carga de Discos"" category evidence, despite ""Jaula"" (cage) wording in the name suggesting RACK_CAGE"
1602,Par Calleras Essentials Sin Orificios Rosado/Negro | HWM®,current_catalog,PROTECTIVE_GEAR,,,,family:name,EXPLICIT,,,
1596,Par Muñequeras Elásticas Fight 2.0 Turquesa | HWM®,current_catalog,PROTECTIVE_GEAR,,,,family:name,EXPLICIT,,,
818,Cinturón de Levantamiento Straight Black | HWM,current_catalog,PROTECTIVE_GEAR,,,,family:name,EXPLICIT,,,
35,Barra Olímpica Z 6.5kg | PROmachine,current_catalog,BARBELL,,WEIGHTLIFTING:STRONGLY_INFERRED,,family:name | feature:Categoría | discipline:WEIGHTLIFTING(STRONGLY_INFERRED),EXPLICIT,,,
823,Par Bumper Plates Eco 5kg | HWM®,current_catalog,WEIGHT_PLATE,,WEIGHTLIFTING:STRONGLY_INFERRED,,family:name | feature:Categoría | discipline:WEIGHTLIFTING(STRONGLY_INFERRED),EXPLICIT,,,
57,Balón Medicinal 5kg Color Series | HWM®,current_catalog,BALL_BAG,,HYROX:EXPLICIT,,family:name | discipline:HYROX(EXPLICIT),EXPLICIT,,,
1971,Palmeta de Caucho 100x100cm 15mm (Unidad) - 2da Selección,historical_order_detail_only,FLOORING,,,,family:name,EXPLICIT,HISTORICAL_DATA_GAP,,
229,Par Mancuernas Hexagonales 12.5kg | HWM®,current_catalog,DUMBBELL,,,,family:name,EXPLICIT,,,
1607,Par Calleras Essentials 3 Orificios Rosado/Negro | HWM®,current_catalog,PROTECTIVE_GEAR,,,,family:name,EXPLICIT,,,
227,Par Mancuernas Hexagonales 7.5kg | HWM®,current_catalog,DUMBBELL,,,,family:name,EXPLICIT,,,
58,Balón Medicinal 7kg Color Series | HWM®,current_catalog,BALL_BAG,,HYROX:EXPLICIT,,family:name | discipline:HYROX(EXPLICIT),EXPLICIT,,,
1670,Par Guantes Grab Shiny Morado | FullFit,current_catalog,PROTECTIVE_GEAR,,,,family:name,EXPLICIT,,,
2077,Máquina Home Gym PRO FZ402B 68kg - 2da Selección | Forza,historical_order_detail_only,OTHER,,,HOME_GYM:STRONGLY_INFERRED,useContext:HOME_GYM(STRONGLY_INFERRED),INSUFFICIENT_EVIDENCE,HISTORICAL_DATA_GAP,INSUFFICIENT_EVIDENCE,No name or trusted-category evidence matched any PRODUCT_FAMILY rule; assigned OTHER as fallback
611,Barra Olímpica Cerakote Rojo 20kg | KONG,current_catalog,BARBELL,,WEIGHTLIFTING:STRONGLY_INFERRED,,family:name | feature:Categoría | discipline:WEIGHTLIFTING(STRONGLY_INFERRED),EXPLICIT,,,
1967,Balón Medicinal 9kg Color Series - 2da Selección | HWM®,historical_order_detail_only,BALL_BAG,,,,family:name,EXPLICIT,HISTORICAL_DATA_GAP,,
1055,Piso De Caucho 1x1mt 15mm (Unidad) | 2° Selección,historical_order_detail_only,FLOORING,,,,family:name,EXPLICIT,HISTORICAL_DATA_GAP,,
111,Par Crumb Bumper Plates 25Lbs | HWM®,current_catalog,WEIGHT_PLATE,,WEIGHTLIFTING:STRONGLY_INFERRED,,family:name | feature:Categoría | discipline:WEIGHTLIFTING(STRONGLY_INFERRED),EXPLICIT,,,
1646,Rodilleras de Neopreno XBarbell 5mm FullColor | HWM®,current_catalog,PROTECTIVE_GEAR,,,,family:name,EXPLICIT,,,
109,Par Crumb Bumper Plates 10Lbs | HWM®,current_catalog,WEIGHT_PLATE,,WEIGHTLIFTING:STRONGLY_INFERRED,,family:name | feature:Categoría | discipline:WEIGHTLIFTING(STRONGLY_INFERRED),EXPLICIT,,,
775,Bosu Ball 1.0 | Mindfullness,current_catalog,BALL_BAG,,,,family:name,EXPLICIT,,,
1611,Par Calleras Stone 2.0 Sin Orificios Magenta | HWM®,current_catalog,PROTECTIVE_GEAR,,,,family:name,EXPLICIT,,,
110,Par Crumb Bumper Plates 15Lbs | HWM®,current_catalog,WEIGHT_PLATE,,WEIGHTLIFTING:STRONGLY_INFERRED,,family:name | feature:Categoría | discipline:WEIGHTLIFTING(STRONGLY_INFERRED),EXPLICIT,,,
1555,2da Selección - Barra Olímpica 20kg Cerakote Rojo | KONG,historical_order_detail_only,BARBELL,,,,family:name,EXPLICIT,HISTORICAL_DATA_GAP,,
112,Par Crumb Bumper Plates 35Lbs | HWM®,current_catalog,WEIGHT_PLATE,,WEIGHTLIFTING:STRONGLY_INFERRED,,family:name | feature:Categoría | discipline:WEIGHTLIFTING(STRONGLY_INFERRED),EXPLICIT,,,
1499,Par Discos Olímpicos Grip Rubber 20kg | PROmachine,current_catalog,WEIGHT_PLATE,,WEIGHTLIFTING:STRONGLY_INFERRED,,family:name | feature:Categoría | discipline:WEIGHTLIFTING(STRONGLY_INFERRED),EXPLICIT,,,
1093,Airbike Hurricane 2.0 | 2° Selección | HWM,historical_order_detail_only,CARDIO_MACHINE,,CARDIO_ENDURANCE:STRONGLY_INFERRED,,family:name | discipline:CARDIO_ENDURANCE(STRONGLY_INFERRED),EXPLICIT,HISTORICAL_DATA_GAP,,
389,Rack de Almacenamiento Mancuernas 3 Niveles | HWM®,current_catalog,STORAGE,,,,family:name,EXPLICIT,,,
2061,Banco Regulable Delta | HWM®,current_catalog,BENCH,,,HOME_GYM:EXPLICIT,family:name | feature:Clasificación de Uso | useContext:HOME_GYM(EXPLICIT),EXPLICIT,,,
1486,Bicicleta de Spinning 850S | VORTEC,current_catalog,CARDIO_MACHINE,,CARDIO_ENDURANCE:STRONGLY_INFERRED,COMMERCIAL_GYM:EXPLICIT,family:name | feature:Clasificación de Uso | discipline:CARDIO_ENDURANCE(STRONGLY_INFERRED) | useContext:COMMERCIAL_GYM(EXPLICIT),EXPLICIT,,,
1610,Par Calleras Phanter Sin Orificios | HWM®,current_catalog,PROTECTIVE_GEAR,,,,family:name,EXPLICIT,,,
2152,Balón Medicinal 9kg Color Series - 2da Selección Wodstock | HWM®,historical_order_detail_only,BALL_BAG,,,,family:name,EXPLICIT,HISTORICAL_DATA_GAP,,
666,Barra Olímpica Cerakote Amarillo 15kg | KONG,current_catalog,BARBELL,,WEIGHTLIFTING:STRONGLY_INFERRED,,family:name | feature:Categoría | discipline:WEIGHTLIFTING(STRONGLY_INFERRED),EXPLICIT,,,
1551,Banco Multifunción Leg/Curl Extension ZR Series | PROmachine,current_catalog,BENCH,,,HOME_GYM:EXPLICIT,family:name | feature:Clasificación de Uso | useContext:HOME_GYM(EXPLICIT),EXPLICIT,,,
1614,Par Calleras Stone 2.0 Sin Orificios Blanco | HWM®,current_catalog,PROTECTIVE_GEAR,,,,family:name,EXPLICIT,,,
1455,Wall Crossover Black ZR Series | PROmachine,current_catalog,CABLE_MACHINE,,,HOME_GYM:EXPLICIT,family:name | feature:Clasificación de Uso | useContext:HOME_GYM(EXPLICIT),EXPLICIT,,,
1497,Par Discos Olímpicos Grip Rubber 10kg | PROmachine,current_catalog,WEIGHT_PLATE,,WEIGHTLIFTING:STRONGLY_INFERRED,,family:name | feature:Categoría | discipline:WEIGHTLIFTING(STRONGLY_INFERRED),EXPLICIT,,,
1549,Banco Plano Alpha | HWM®,current_catalog,BENCH,,,COMMERCIAL_GYM:EXPLICIT,family:name | feature:Clasificación de Uso | useContext:COMMERCIAL_GYM(EXPLICIT),EXPLICIT,,,
85,Cajón Pliométrico Acolchado 3 en 1 (75x50x60cm) | HWM®,current_catalog,OTHER,,,,,INSUFFICIENT_EVIDENCE,,INSUFFICIENT_EVIDENCE,No name or trusted-category evidence matched any PRODUCT_FAMILY rule; assigned OTHER as fallback
1671,Par Guantes Grab Shiny Cian | FullFit,current_catalog,PROTECTIVE_GEAR,,,,family:name,EXPLICIT,,,
1553,2da Selección - Airbike Hurricane 3.0 | HWM®,historical_order_detail_only,CARDIO_MACHINE,,CARDIO_ENDURANCE:STRONGLY_INFERRED,,family:name | discipline:CARDIO_ENDURANCE(STRONGLY_INFERRED),EXPLICIT,HISTORICAL_DATA_GAP,,
1506,Dual Polea Alta / Remo Bajo MO 2.0 | Obelix®,current_catalog,CABLE_MACHINE,,,COMMERCIAL_GYM:EXPLICIT,family:name | feature:Clasificación de Uso | useContext:COMMERCIAL_GYM(EXPLICIT),EXPLICIT,,,
151,AbMat 1.0 | HWM®,current_catalog,OTHER,,,,,INSUFFICIENT_EVIDENCE,,INSUFFICIENT_EVIDENCE,No name or trusted-category evidence matched any PRODUCT_FAMILY rule; assigned OTHER as fallback
1608,Par Calleras Essentials 3 Orificios Blanco/Negro | HWM®,current_catalog,PROTECTIVE_GEAR,,,,family:name,EXPLICIT,,,
2073,Trotadora Comercial S1 Series TFT Touch - 2da Selección | Obelix®,historical_order_detail_only,CARDIO_MACHINE,,CARDIO_ENDURANCE:STRONGLY_INFERRED,COMMERCIAL_GYM:EXPLICIT,family:name | discipline:CARDIO_ENDURANCE(STRONGLY_INFERRED) | useContext:COMMERCIAL_GYM(EXPLICIT),EXPLICIT,HISTORICAL_DATA_GAP,,
226,Par Mancuernas Hexagonales 5kg | HWM®,current_catalog,DUMBBELL,,,,family:name,EXPLICIT,,,
2066,Trotadora Comercial S1 Series LED - 2da Selección | Obelix®,historical_order_detail_only,CARDIO_MACHINE,,CARDIO_ENDURANCE:STRONGLY_INFERRED,COMMERCIAL_GYM:EXPLICIT,family:name | discipline:CARDIO_ENDURANCE(STRONGLY_INFERRED) | useContext:COMMERCIAL_GYM(EXPLICIT),EXPLICIT,HISTORICAL_DATA_GAP,,
1606,Par Calleras Essentials 3 Orificios Negro/Rojo | HWM®,current_catalog,PROTECTIVE_GEAR,,,,family:name,EXPLICIT,,,
1133,Par Rodilleras de Neopreno Camo 5mm | HWM®,current_catalog,PROTECTIVE_GEAR,,,,family:name,EXPLICIT,,,
113,Par Crumb Bumper Plates 45Lbs | HWM®,current_catalog,WEIGHT_PLATE,,WEIGHTLIFTING:STRONGLY_INFERRED,,family:name | feature:Categoría | discipline:WEIGHTLIFTING(STRONGLY_INFERRED),EXPLICIT,,,
1668,Par Guantes Grab Training 2.0 Pink | FullFit,current_catalog,PROTECTIVE_GEAR,,,,family:name,EXPLICIT,,,
1836,Par Guantes de Boxeo | Rising,current_catalog,PROTECTIVE_GEAR,,BOXING_MMA:EXPLICIT,,family:name | discipline:BOXING_MMA(EXPLICIT),EXPLICIT,,,
1547,Power Rack Magnum | HWM®,current_catalog,RACK_CAGE,,,COMMERCIAL_GYM:EXPLICIT,family:name | feature:Clasificación de Uso | useContext:COMMERCIAL_GYM(EXPLICIT),EXPLICIT,,,
1633,Discos Powerlifting Chromed Steel 20kg (Par) | XMASTER | 2da Selección,historical_order_detail_only,WEIGHT_PLATE,,POWERLIFTING:EXPLICIT,,family:name | discipline:POWERLIFTING(EXPLICIT),EXPLICIT,HISTORICAL_DATA_GAP,,
2231,Polea Dual Multifuncional 70kg ZR Series - 2da Selección | PROmachine (PM-M853A-SU45-2),historical_order_detail_only,CABLE_MACHINE,,,,family:name,EXPLICIT,HISTORICAL_DATA_GAP,,
1632,Discos Powerlifting Chromed Steel 15kg (Par) | XMASTER | 2da Selección,historical_order_detail_only,WEIGHT_PLATE,,POWERLIFTING:EXPLICIT,,family:name | discipline:POWERLIFTING(EXPLICIT),EXPLICIT,HISTORICAL_DATA_GAP,,
1717,Máquina Home Gym ULTRA FZ410 68kg | Forza | 2da Selección,historical_order_detail_only,OTHER,,,HOME_GYM:STRONGLY_INFERRED,useContext:HOME_GYM(STRONGLY_INFERRED),INSUFFICIENT_EVIDENCE,HISTORICAL_DATA_GAP,INSUFFICIENT_EVIDENCE,No name or trusted-category evidence matched any PRODUCT_FAMILY rule; assigned OTHER as fallback
1714,Máquina Home Gym PRO FZ402B 68kg | Forza | 2da Selección,historical_order_detail_only,OTHER,,,HOME_GYM:STRONGLY_INFERRED,useContext:HOME_GYM(STRONGLY_INFERRED),INSUFFICIENT_EVIDENCE,HISTORICAL_DATA_GAP,INSUFFICIENT_EVIDENCE,No name or trusted-category evidence matched any PRODUCT_FAMILY rule; assigned OTHER as fallback
1631,Discos Powerlifting Chromed Steel 10kg (Par) | XMASTER | 2da Selección,historical_order_detail_only,WEIGHT_PLATE,,POWERLIFTING:EXPLICIT,,family:name | discipline:POWERLIFTING(EXPLICIT),EXPLICIT,HISTORICAL_DATA_GAP,,
1630,Discos Powerlifting Chromed Steel 5kg (Par) | XMASTER | 2da Selección,historical_order_detail_only,WEIGHT_PLATE,,POWERLIFTING:EXPLICIT,,family:name | discipline:POWERLIFTING(EXPLICIT),EXPLICIT,HISTORICAL_DATA_GAP,,
2193,Banco Multifuncional + Bandas de Resistencia - 2da Selección | Forza,historical_order_detail_only,BENCH,BAND_SUSPENSION,,,family:name,EXPLICIT,HISTORICAL_DATA_GAP,MULTI_COMPONENT_PRODUCT,"Bundle joins BENCH + BAND_SUSPENSION (explicit ""+"" in name)"
2214,Banco Multifuncional + Bandas de Resistencia - 2da Selección | Forza (FZ5905-SU45-2),historical_order_detail_only,BENCH,BAND_SUSPENSION,,,family:name,EXPLICIT,HISTORICAL_DATA_GAP,MULTI_COMPONENT_PRODUCT,"Bundle joins BENCH + BAND_SUSPENSION (explicit ""+"" in name)"
1405,CROP TOP CROSSFIT HATERS ROSADO | KILO Talla: S,historical_order_detail_only,APPAREL,,CROSSFIT:EXPLICIT,,family:name | discipline:CROSSFIT(EXPLICIT),EXPLICIT,HISTORICAL_DATA_GAP,,
1711,Balón Pilates 65cm | 2da Selección,historical_order_detail_only,YOGA_PILATES,,YOGA_PILATES:EXPLICIT,,family:name | discipline:YOGA_PILATES(EXPLICIT),EXPLICIT,HISTORICAL_DATA_GAP,,
2174,Palmeta de Caucho 100x100cm 15mm - 2da Selección StrongFit (Unidad),historical_order_detail_only,FLOORING,,,,family:name,EXPLICIT,HISTORICAL_DATA_GAP,,
234,Par Mancuernas Hexagonales 25kg | HWM®,current_catalog,DUMBBELL,,,,family:name,EXPLICIT,,,
90,Soga de Trepa 7mt | HWM®,current_catalog,ROPE_SLED,,HYROX:EXPLICIT,,family:name | discipline:HYROX(EXPLICIT),EXPLICIT,,,
1208,Barra Olímpica Cerakote Black Camo 700lb 20kg | HWM,current_catalog,BARBELL,,WEIGHTLIFTING:STRONGLY_INFERRED,,family:name | feature:Categoría | discipline:WEIGHTLIFTING(STRONGLY_INFERRED),EXPLICIT,,,
610,Barra Olímpica Cerakote Pink 15kg | KONG,current_catalog,BARBELL,,WEIGHTLIFTING:STRONGLY_INFERRED,,family:name | feature:Categoría | discipline:WEIGHTLIFTING(STRONGLY_INFERRED),EXPLICIT,,,
1970,Airbike Hurricane 3.0 - 2da Selección | HWM®,historical_order_detail_only,CARDIO_MACHINE,,CARDIO_ENDURANCE:STRONGLY_INFERRED,,family:name | discipline:CARDIO_ENDURANCE(STRONGLY_INFERRED),EXPLICIT,HISTORICAL_DATA_GAP,,
795,Barra Olímpica Cerakote Black 20kg | KONG,current_catalog,BARBELL,,WEIGHTLIFTING:STRONGLY_INFERRED,,family:name | feature:Categoría | discipline:WEIGHTLIFTING(STRONGLY_INFERRED),EXPLICIT,,,
1269,Extensión de Cuádriceps MO 2.0 Obelix®,current_catalog,SELECTORIZED_MACHINE,,,COMMERCIAL_GYM:EXPLICIT,family:name | feature:Clasificación de Uso | useContext:COMMERCIAL_GYM(EXPLICIT),EXPLICIT,,,
1949,Set 4 Plyo Box Apilables - 2da Selección | HWM,historical_order_detail_only,OTHER,,,,,INSUFFICIENT_EVIDENCE,HISTORICAL_DATA_GAP,INSUFFICIENT_EVIDENCE,"Sold as multi-unit pack/set; not treated as a separate PRODUCT_FAMILY (PACK_SET dropped, see ontology decision) / No name or trusted-category evidence matched any PRODUCT_FAMILY rule; assigned OTHER as fallback"
80,Magnesio 56gr (Unidad) | Araknido,current_catalog,OTHER,,,,,INSUFFICIENT_EVIDENCE,,INSUFFICIENT_EVIDENCE,No name or trusted-category evidence matched any PRODUCT_FAMILY rule; assigned OTHER as fallback
1647,Rodilleras de Neopreno XBarbell 5mm Magenta | HWM®,current_catalog,PROTECTIVE_GEAR,,,,family:name,EXPLICIT,,,
1628,Set 20kg Maletín Cast Iron | 2da Selección,historical_order_detail_only,OTHER,,,,,INSUFFICIENT_EVIDENCE,HISTORICAL_DATA_GAP,INSUFFICIENT_EVIDENCE,"Sold as multi-unit pack/set; not treated as a separate PRODUCT_FAMILY (PACK_SET dropped, see ontology decision) / No name or trusted-category evidence matched any PRODUCT_FAMILY rule; assigned OTHER as fallback"
231,Par Mancuernas Hexagonales 17.5kg | HWM®,current_catalog,DUMBBELL,,,,family:name,EXPLICIT,,,
153,Par Colchonetas de Impacto | HWM®,current_catalog,FLOORING,,,,family:name,EXPLICIT,,,"Impact/landing mat (colchoneta) classified as FLOORING, not YOGA_PILATES, per FLOORING-vs-YOGA_MAT boundary rule (no yoga/pilates wording present)"
82,Cajón Pliométrico de Madera 3 en 1 (75x50x60cm) | HWM®,current_catalog,OTHER,,,,,INSUFFICIENT_EVIDENCE,,INSUFFICIENT_EVIDENCE,No name or trusted-category evidence matched any PRODUCT_FAMILY rule; assigned OTHER as fallback
343,Jaula Smith Machine | PROmachine,current_catalog,PLATE_LOADED_MACHINE,,,HOME_GYM:EXPLICIT,family:name | feature:Clasificación de Uso | useContext:HOME_GYM(EXPLICIT),EXPLICIT,,AXIS_OVERLAP,"Smith machine hybrid: classified PLATE_LOADED_MACHINE per consistent ""Máquinas con Carga de Discos"" category evidence, despite ""Jaula"" (cage) wording in the name suggesting RACK_CAGE"
711,Pack Garage Kong HWM,historical_order_detail_only,OTHER,,,,,INSUFFICIENT_EVIDENCE,HISTORICAL_DATA_GAP,INSUFFICIENT_EVIDENCE,"Sold as multi-unit pack/set; not treated as a separate PRODUCT_FAMILY (PACK_SET dropped, see ontology decision) / No name or trusted-category evidence matched any PRODUCT_FAMILY rule; assigned OTHER as fallback"
437,Soga de Tríceps - Accesorio Polea | Obelix,current_catalog,CABLE_MACHINE,,,,family:name,EXPLICIT,,,
1645,Rodilleras de Neopreno XBarbell 5mm Negro | HWM®,current_catalog,PROTECTIVE_GEAR,,,,family:name,EXPLICIT,,,
9,Banda de Resistencia Light 22mm 50Lbs Negro | HWM®,current_catalog,BAND_SUSPENSION,,,,family:name,EXPLICIT,,,
2068,Smith Machine ZR Series | PROmachine,current_catalog,PLATE_LOADED_MACHINE,,,HOME_GYM:EXPLICIT,family:name | feature:Clasificación de Uso | useContext:HOME_GYM(EXPLICIT),EXPLICIT,,AXIS_OVERLAP,"Smith machine hybrid: classified PLATE_LOADED_MACHINE per consistent ""Máquinas con Carga de Discos"" category evidence, despite ""Jaula"" (cage) wording in the name suggesting RACK_CAGE"
1089,Pack 8 Pares de Mancuernas Black + Rack | HWM,historical_order_detail_only,DUMBBELL,RACK_CAGE,,,family:name,EXPLICIT,HISTORICAL_DATA_GAP,MULTI_COMPONENT_PRODUCT,"Bundle joins DUMBBELL + RACK_CAGE (explicit ""+"" in name) / Sold as multi-unit pack/set; not treated as a separate PRODUCT_FAMILY (PACK_SET dropped, see ontology decision)"
54,Par Anillas Olímpicas de Gimnasia Madera | HWM®,current_catalog,BODYWEIGHT_GYMNASTICS,,CALISTHENICS:STRONGLY_INFERRED,,family:name | discipline:CALISTHENICS(STRONGLY_INFERRED),EXPLICIT,,,
330,Pack 15kg Fraccionales | HWM®,current_catalog,WEIGHT_PLATE,,WEIGHTLIFTING:STRONGLY_INFERRED,,family:name | feature:Categoría | discipline:WEIGHTLIFTING(STRONGLY_INFERRED),EXPLICIT,,,"Sold as multi-unit pack/set; not treated as a separate PRODUCT_FAMILY (PACK_SET dropped, see ontology decision)"
1481,2° Selección - Airbike Hurricane 3.0 | HWM,historical_order_detail_only,CARDIO_MACHINE,,CARDIO_ENDURANCE:STRONGLY_INFERRED,,family:name | discipline:CARDIO_ENDURANCE(STRONGLY_INFERRED),EXPLICIT,HISTORICAL_DATA_GAP,,
1136,Par Rodilleras de Neopreno Red 5mm | HWM®,current_catalog,PROTECTIVE_GEAR,,,,family:name,EXPLICIT,,,
1995,Almohadilla Búlgara Accesorio Alpha | HWM®,current_catalog,MACHINE_ATTACHMENT,,,,family:category,STRONGLY_INFERRED,,,
549,Set 30kg Mancuernas Eco Rojo | Forza,current_catalog,DUMBBELL,,,,family:name,EXPLICIT,,,"Sold as multi-unit pack/set; not treated as a separate PRODUCT_FAMILY (PACK_SET dropped, see ontology decision)"
2132,Mat de Yoga TPE C/Colgador 173x61cm 8mm | Rising,current_catalog,YOGA_PILATES,,YOGA_PILATES:EXPLICIT,,family:name | discipline:YOGA_PILATES(EXPLICIT),EXPLICIT,,,
1550,Banco Regulable Alpha | HWM®,current_catalog,BENCH,,,COMMERCIAL_GYM:EXPLICIT,family:name | feature:Clasificación de Uso | useContext:COMMERCIAL_GYM(EXPLICIT),EXPLICIT,,,
439,Banco Regulable Pro | HWM,current_catalog,BENCH,,,,family:name,EXPLICIT,,,
154,Colchoneta Pu Negro 100x50x5cm| HWM®,current_catalog,FLOORING,,,,family:name,EXPLICIT,,,"Impact/landing mat (colchoneta) classified as FLOORING, not YOGA_PILATES, per FLOORING-vs-YOGA_MAT boundary rule (no yoga/pilates wording present)"
458,Trotadora GT3 Series Led | Obelix,current_catalog,CARDIO_MACHINE,,CARDIO_ENDURANCE:STRONGLY_INFERRED,HOME_GYM:EXPLICIT,family:name | feature:Clasificación de Uso | discipline:CARDIO_ENDURANCE(STRONGLY_INFERRED) | useContext:HOME_GYM(EXPLICIT),EXPLICIT,,,
1556,2da Selección - Barra Olímpica 15kg Cerakote Amarillo | KONG,historical_order_detail_only,BARBELL,,,,family:name,EXPLICIT,HISTORICAL_DATA_GAP,,
59,Balón Medicinal 9kg Color Series | HWM®,current_catalog,BALL_BAG,,HYROX:EXPLICIT,,family:name | discipline:HYROX(EXPLICIT),EXPLICIT,,,
1669,Par Guantes Grab Training 2.0 Negro | FullFit,current_catalog,PROTECTIVE_GEAR,,,,family:name,EXPLICIT,,,
10,Banda de Resistencia Medium 32mm 80Lbs Morado | HWM®,current_catalog,BAND_SUSPENSION,,,,family:name,EXPLICIT,,,
1478,2° Selección - Piso De Caucho 1x1mt 15mm (Unidad),historical_order_detail_only,FLOORING,,,,family:name,EXPLICIT,HISTORICAL_DATA_GAP,,
1673,Par Guantes Fitness Ranger Black | FullFit,current_catalog,PROTECTIVE_GEAR,,,,family:name,EXPLICIT,,,
722,Pack 4 Palmetas de Caucho 100x100cm 15mm,current_catalog,FLOORING,,,COMMERCIAL_GYM:EXPLICIT,family:name | feature:Clasificación de Uso | useContext:COMMERCIAL_GYM(EXPLICIT),EXPLICIT,,,"Sold as multi-unit pack/set; not treated as a separate PRODUCT_FAMILY (PACK_SET dropped, see ontology decision)"
1571,Rampa Caminata de Manos | HWM® | 2da Selección,historical_order_detail_only,BODYWEIGHT_GYMNASTICS,,CALISTHENICS:STRONGLY_INFERRED,,family:name | discipline:CALISTHENICS(STRONGLY_INFERRED),EXPLICIT,HISTORICAL_DATA_GAP,,
2163,Rampa Caminata de Manos - 2da Selección StrongFit| HWM®,historical_order_detail_only,BODYWEIGHT_GYMNASTICS,,CALISTHENICS:STRONGLY_INFERRED,,family:name | discipline:CALISTHENICS(STRONGLY_INFERRED),EXPLICIT,HISTORICAL_DATA_GAP,,
2134,Multifuncional Smith ZR Series | PROmachine,current_catalog,PLATE_LOADED_MACHINE,,,HOME_GYM:EXPLICIT,family:name | feature:Clasificación de Uso | useContext:HOME_GYM(EXPLICIT),EXPLICIT,,AXIS_OVERLAP,"Smith machine hybrid: classified PLATE_LOADED_MACHINE per consistent ""Máquinas con Carga de Discos"" category evidence, despite ""Jaula"" (cage) wording in the name suggesting RACK_CAGE"
898,Banco Plano Amarillo Flúor | KONG,current_catalog,BENCH,,,,family:name,EXPLICIT,,,
186,Kettlebell Acero 20kg | HWM®,current_catalog,KETTLEBELL,,HYROX:EXPLICIT,,family:name | discipline:HYROX(EXPLICIT),EXPLICIT,,,
899,Lat Pulldown Heavy Duty Series | HWM®,current_catalog,CABLE_MACHINE,,,,family:name,EXPLICIT,,,
370,Pack Grip 105kg | PROmachine,historical_order_detail_only,OTHER,,,,,INSUFFICIENT_EVIDENCE,HISTORICAL_DATA_GAP,INSUFFICIENT_EVIDENCE,"Sold as multi-unit pack/set; not treated as a separate PRODUCT_FAMILY (PACK_SET dropped, see ontology decision) / No name or trusted-category evidence matched any PRODUCT_FAMILY rule; assigned OTHER as fallback"
1572,Set 4 Plyo Box Apilables | HWM | 2da Selección,historical_order_detail_only,OTHER,,,,,INSUFFICIENT_EVIDENCE,HISTORICAL_DATA_GAP,INSUFFICIENT_EVIDENCE,"Sold as multi-unit pack/set; not treated as a separate PRODUCT_FAMILY (PACK_SET dropped, see ontology decision) / No name or trusted-category evidence matched any PRODUCT_FAMILY rule; assigned OTHER as fallback"
686,Bumper Plates 35lb Wodstock (Par) | 2° Selección | HWM,historical_order_detail_only,WEIGHT_PLATE,,,,family:name,EXPLICIT,HISTORICAL_DATA_GAP,,
1603,Palmeta De Caucho 100x100cm x 15mm (Unidad) | 2da Selección,historical_order_detail_only,FLOORING,,,,family:name,EXPLICIT,HISTORICAL_DATA_GAP,,
251,Power Rack de Muro Plegable | HWM,current_catalog,RACK_CAGE,,,SMALL_SPACE:EXPLICIT,family:name | useContext:SMALL_SPACE(EXPLICIT),EXPLICIT,,,
1979,Sand Bag Training 25kg - 2da Selección | HWM®,historical_order_detail_only,BALL_BAG,,,,family:name,EXPLICIT,HISTORICAL_DATA_GAP,,
1978,Sand Bag Training 20kg - 2da Selección | HWM®,historical_order_detail_only,BALL_BAG,,,,family:name,EXPLICIT,HISTORICAL_DATA_GAP,,
1977,Sand Bag Training 10kg - 2da Selección | HWM®,historical_order_detail_only,BALL_BAG,,,,family:name,EXPLICIT,HISTORICAL_DATA_GAP,,
1096,Banco GHD Glute Ham Developer 1.0 | 2° Selección | HWM,historical_order_detail_only,BENCH,,,,family:name,EXPLICIT,HISTORICAL_DATA_GAP,,
1835,Par Guantes MMA | Rising,current_catalog,PROTECTIVE_GEAR,,BOXING_MMA:EXPLICIT,,family:name | discipline:BOXING_MMA(EXPLICIT),EXPLICIT,,,
1890,2da Selección - Air Ski Trainer Eco Smart Connect | XEBEX,historical_order_detail_only,CARDIO_MACHINE,,CARDIO_ENDURANCE:STRONGLY_INFERRED,,family:name | discipline:CARDIO_ENDURANCE(STRONGLY_INFERRED),EXPLICIT,HISTORICAL_DATA_GAP,,
1161,Bicicleta de Spinning Training Lite Series | Obelix,current_catalog,CARDIO_MACHINE,,CARDIO_ENDURANCE:STRONGLY_INFERRED,HOME_GYM:EXPLICIT,family:name | feature:Clasificación de Uso | discipline:CARDIO_ENDURANCE(STRONGLY_INFERRED) | useContext:HOME_GYM(EXPLICIT),EXPLICIT,,,
1152,Pack 100kg Eco Series | HWM®,current_catalog,WEIGHT_PLATE,,WEIGHTLIFTING:STRONGLY_INFERRED,,family:category | feature:Categoría | discipline:WEIGHTLIFTING(STRONGLY_INFERRED),STRONGLY_INFERRED,,,"Sold as multi-unit pack/set; not treated as a separate PRODUCT_FAMILY (PACK_SET dropped, see ontology decision)"
966,Pack 10 Colchonetas Black/Red Pu 100x50x5cm | FullFit,current_catalog,FLOORING,,,,family:name,EXPLICIT,,,"Sold as multi-unit pack/set; not treated as a separate PRODUCT_FAMILY (PACK_SET dropped, see ontology decision) / Impact/landing mat (colchoneta) classified as FLOORING, not YOGA_PILATES, per FLOORING-vs-YOGA_MAT boundary rule (no yoga/pilates wording present)"
183,Kettlebell Acero 10kg | HWM®,current_catalog,KETTLEBELL,,HYROX:EXPLICIT,,family:name | discipline:HYROX(EXPLICIT),EXPLICIT,,,
872,Colchoneta Oxford Negro/Rojo 100x50x5cm | FullFit,current_catalog,FLOORING,,,,family:name,EXPLICIT,,,"Impact/landing mat (colchoneta) classified as FLOORING, not YOGA_PILATES, per FLOORING-vs-YOGA_MAT boundary rule (no yoga/pilates wording present)"
1834,Par Vendas de Boxeo Talla M - Amarillo | Rising,current_catalog,PROTECTIVE_GEAR,,BOXING_MMA:EXPLICIT,,family:category | discipline:BOXING_MMA(EXPLICIT),STRONGLY_INFERRED,,,
537,Set 50kg Maletí­n Cast Iron,current_catalog,DUMBBELL,,,,family:category,STRONGLY_INFERRED,,,"Sold as multi-unit pack/set; not treated as a separate PRODUCT_FAMILY (PACK_SET dropped, see ontology decision)"
1532,Cámara Hiperbárica ST801 1.5ATA | O2Life,current_catalog,RECOVERY_TOOL,,REHABILITATION:STRONGLY_INFERRED,COMMERCIAL_GYM:EXPLICIT;CLINICAL_RECOVERY:STRONGLY_INFERRED,"family:name | feature:Clasificación de Uso | discipline:REHABILITATION(STRONGLY_INFERRED) | useContext:COMMERCIAL_GYM(EXPLICIT),CLINICAL_RECOVERY(STRONGLY_INFERRED)",EXPLICIT,,,
592,Banco Regulable 3.0 | PROmachine,current_catalog,BENCH,,,HOME_GYM:STRONGLY_INFERRED,family:name | useContext:HOME_GYM(STRONGLY_INFERRED),EXPLICIT,,,
1986,Bicicleta de Spinning SP9 - 2da Selección | Obelix,historical_order_detail_only,CARDIO_MACHINE,,CARDIO_ENDURANCE:STRONGLY_INFERRED,,family:name | discipline:CARDIO_ENDURANCE(STRONGLY_INFERRED),EXPLICIT,HISTORICAL_DATA_GAP,,
184,Kettlebell Acero 12kg | HWM®,current_catalog,KETTLEBELL,,HYROX:EXPLICIT,,family:name | discipline:HYROX(EXPLICIT),EXPLICIT,,,
2144,Trotadora Curva AirRunner 1.0 - 2da Selección (Reacondicionado) | HWM®,historical_order_detail_only,CARDIO_MACHINE,,CARDIO_ENDURANCE:STRONGLY_INFERRED,,family:name | discipline:CARDIO_ENDURANCE(STRONGLY_INFERRED),EXPLICIT,HISTORICAL_DATA_GAP,,
506,Palmeta de Caucho 50x50cm x 25mm (Unidad),current_catalog,FLOORING,,,OUTDOOR_HIGH_TRAFFIC:EXPLICIT,family:name | feature:Clasificación de Uso | useContext:OUTDOOR_HIGH_TRAFFIC(EXPLICIT),EXPLICIT,,,
1702,2da Selección - Trotadora Curva AirRunner 1.0 | HWM,historical_order_detail_only,CARDIO_MACHINE,,CARDIO_ENDURANCE:STRONGLY_INFERRED,,family:name | discipline:CARDIO_ENDURANCE(STRONGLY_INFERRED),EXPLICIT,HISTORICAL_DATA_GAP,,
1123,Bicicleta de Spinning Home FZ1.0 | Forza,current_catalog,CARDIO_MACHINE,,CARDIO_ENDURANCE:STRONGLY_INFERRED,HOME_GYM:EXPLICIT,family:name | feature:Clasificación de Uso | discipline:CARDIO_ENDURANCE(STRONGLY_INFERRED) | useContext:HOME_GYM(EXPLICIT),EXPLICIT,,,
1482,2° Selección - Sand Bag Training 25kg | HWM,historical_order_detail_only,BALL_BAG,,,,family:name,EXPLICIT,HISTORICAL_DATA_GAP,,
2013,Bicicleta de Spinning 812NX - 2da Selección | VORTEC,historical_order_detail_only,CARDIO_MACHINE,,CARDIO_ENDURANCE:STRONGLY_INFERRED,,family:name | discipline:CARDIO_ENDURANCE(STRONGLY_INFERRED),EXPLICIT,HISTORICAL_DATA_GAP,,
1322,Tatami Eva Mat Negro/Gris Puzzle c/borde 100x100cm 20mm (Unidad),current_catalog,FLOORING,,,,family:name,EXPLICIT,,,
2269,Palmeta de Caucho 100x100cm 15mm (Unidad) - 2da Selección (PC15-SU45-2),historical_order_detail_only,FLOORING,,,,family:name,EXPLICIT,HISTORICAL_DATA_GAP,,
1892,2da Selección - Palmeta De Caucho 100x100cm 15mm (Unidad),historical_order_detail_only,FLOORING,,,,family:name,EXPLICIT,HISTORICAL_DATA_GAP,,
1183,Pack 105kg Mancuernas Hexagonales + Rack Vertical | HWM®,current_catalog,DUMBBELL,STORAGE,,,family:name,EXPLICIT,,MULTI_COMPONENT_PRODUCT,"Bundle joins DUMBBELL + STORAGE (explicit ""+"" in name) / Sold as multi-unit pack/set; not treated as a separate PRODUCT_FAMILY (PACK_SET dropped, see ontology decision)"
1151,Pack 150kg Eco Series | HWM®,current_catalog,WEIGHT_PLATE,,WEIGHTLIFTING:STRONGLY_INFERRED,,family:category | feature:Categoría | discipline:WEIGHTLIFTING(STRONGLY_INFERRED),STRONGLY_INFERRED,,,"Sold as multi-unit pack/set; not treated as a separate PRODUCT_FAMILY (PACK_SET dropped, see ontology decision)"
1199,Piso de Caucho Rollo 10x1mt x 6mm,current_catalog,FLOORING,,,COMMERCIAL_GYM:EXPLICIT,family:name | feature:Clasificación de Uso | useContext:COMMERCIAL_GYM(EXPLICIT),EXPLICIT,,,
973,Jaula Smith Machine ZR Series | PROmachine,current_catalog,PLATE_LOADED_MACHINE,,,HOME_GYM:EXPLICIT,family:name | feature:Clasificación de Uso | useContext:HOME_GYM(EXPLICIT),EXPLICIT,,AXIS_OVERLAP,"Smith machine hybrid: classified PLATE_LOADED_MACHINE per consistent ""Máquinas con Carga de Discos"" category evidence, despite ""Jaula"" (cage) wording in the name suggesting RACK_CAGE"
746,Squat Rack | KONG,current_catalog,RACK_CAGE,,,,family:name,EXPLICIT,,,
536,Set 30kg Maletín Cast Iron,current_catalog,DUMBBELL,,,,family:category,STRONGLY_INFERRED,,,"Sold as multi-unit pack/set; not treated as a separate PRODUCT_FAMILY (PACK_SET dropped, see ontology decision)"
159,Expander Tube Soft Rojo | FullFit,current_catalog,BAND_SUSPENSION,,,,family:name,EXPLICIT,,,
123,Par Discos Olímpicos Grip 10kg | PROmachine,current_catalog,WEIGHT_PLATE,,WEIGHTLIFTING:STRONGLY_INFERRED,,family:name | feature:Categoría | discipline:WEIGHTLIFTING(STRONGLY_INFERRED),EXPLICIT,,,
467,X-Mount Anclaje Banda de Suspensión | FullFit,current_catalog,BAND_SUSPENSION,,,,family:name,EXPLICIT,,,
887,Power Rack Heavy Duty Series | HWM,current_catalog,RACK_CAGE,,,,family:name,EXPLICIT,,,
1264,Trotadora GTX Max Series Touch | Obelix,current_catalog,CARDIO_MACHINE,,CARDIO_ENDURANCE:STRONGLY_INFERRED,COMMERCIAL_GYM:EXPLICIT,family:name | feature:Clasificación de Uso | discipline:CARDIO_ENDURANCE(STRONGLY_INFERRED) | useContext:COMMERCIAL_GYM(EXPLICIT),EXPLICIT,,,