productId,productName,population,reason,commercialPriorityScore,revenue,units,categoryCount,featureCount,relationshipCount
176,Crossover Lat Pulldown ZR Series | PROmachine,current_active,high_revenue_current_active,72.84,95687805.000000,186,10,27,7
1427,Polea de Muro 1.0 ZR Series | PROmachine,current_active,high_revenue_current_active,72,107054339.500000,672,10,17,4
29,Barra Olímpica 15kg 220cm Eco Serie | PROmachine,current_active,high_revenue_current_active,70.5,70996624.375000,1681,9,17,17
252,Power Rack Hell Series | HWM®,current_inactive,high_revenue_current_inactive,70,112972746.500000,285,4,17,12
679,Bicicleta de Spinning SP9 | Obelix,current_active,high_revenue_current_active,68.96,95919644.500000,194,6,15,13
319,Palmeta de Caucho 100x100cm 15mm (Unidad),current_active,high_revenue_current_active,66,115669293.500000,5254,3,9,8
32,Barra Olímpica 20kg Training | HWM®,current_active,high_revenue_current_active,63.04,70077693.499800,586,5,20,32
534,Polea de Muro 2.0 ZR Series | PROmachine,current_inactive,high_revenue_current_inactive,63,113925554.500000,594,5,17,5
1237,Trotadora Comercial S1 Series LED | Obelix®,current_active,high_revenue_current_active,62,105949473.000000,60,6,21,4
723,Pack 10 Palmetas de Caucho 100x100cm 15mm,current_active,high_revenue_current_active,61,121362549.000000,542,5,9,3
33,Barra Olímpica 15kg Training | HWM®,current_active,high_revenue_current_active,59.27,42538917.999500,392,9,20,28
638,Banco Regulable Amarillo Flúor | KONG,current_active,high_revenue_current_active,58.93,75856322.500300,309,9,13,3
212,Banco Regulable Hell | HWM,current_inactive,high_revenue_current_inactive,56.7,73403905.500000,449,8,12,12
1543,Power Rack Alpha | HWM®,current_active,high_revenue_current_active,55.8,43590098.000000,136,10,21,16
1504,Dual Cuádriceps / Femoral Sentado MO 2.0 | Obelix®,current_active,high_revenue_current_active,55.41,74825638.000000,60,6,11,10
31,Barra Olímpica 20kg Classic Serie | PROmachine,current_active,high_revenue_current_active,55.09,56189727.790000,698,4,19,19
1273,Prensa Inclinada 45° Lineal MO 2.0 | Obelix®,current_active,high_revenue_current_active,54.39,52789198.000000,41,5,16,23
1505,Dual Abductor / Aductor MO 2.0 | Obelix®,current_active,high_revenue_current_active,51.78,61567529.000000,51,6,11,13
1238,Trotadora Comercial S1 Series TFT Touch | Obelix®,current_active,high_revenue_current_active,51.74,75488526.000000,34,6,21,6
1338,Banco Regulable Negro | KONG,current_active,high_revenue_current_active,51.2,68393606.500000,263,7,14,9
1581,Cinturón de Levantamiento Iconlift™ 1.0 Negro | HWM®,current_active,coverage_remo,51.04,12079541.299600,1000,14,7,19
1125,Cajón Hip Thrust Acolchado | FullFit,current_active,high_revenue_current_active,49.89,73779695.200000,571,6,7,5
824,Par Bumper Plates Eco 10kg | HWM®,current_active,high_revenue_current_active,49.03,42065873.500000,904,5,12,23
1586,Cinturón de Levantamiento Iconlift™ 1.0 Magenta | HWM®,current_active,coverage_remo,49.01,8011110.699300,681,14,7,19
1585,Cinturón de Levantamiento Iconlift™ 1.0 Coral | HWM®,current_active,coverage_remo,48.94,5877397.498600,577,14,7,20
1584,Cinturón de Levantamiento Iconlift™ 1.0 Turquesa | HWM®,current_active,coverage_remo,48.87,7735156.450000,665,14,7,19
1595,Par Muñequeras Elásticas Fight 2.0 Magenta | HWM®,current_active,coverage_barra,48.8,5607822.500000,583,13,9,20
1609,Par Calleras Black Widow Sin Orificios | HWM®,current_active,coverage_barra,48.57,5147573.000000,508,14,6,21
1577,2da Selección - Palmeta De Caucho 100x100cm 15mm (Unidad),historical_only,historical_high_revenue,48.21,24420495.000000,1401,0,0,9
1601,Par Calleras Essentials Sin Orificios Negro/Rojo | HWM®,current_active,coverage_barra,48.12,4248356.000000,381,11,6,22
7,Pack 4 Bandas de Resistencia | HWM®,current_active,high_revenue_current_active,48.03,36058036.800000,1155,9,14,12
1605,Par Calleras Essentials Sin Orificios Blanco/Negro | HWM®,current_active,coverage_barra,47.26,4514871.000000,432,14,6,19
1613,Par Calleras Stone 2.0 Sin Orificios Negro | HWM®,current_active,coverage_kettlebell,46.69,3380072.000000,370,13,6,19
366,Set 20kg Maletín Cast Iron,current_active,high_revenue_current_active,46.65,47309160.000000,1329,10,7,5
1583,Cinturón de Levantamiento Iconlift™ 1.0 Blanco | HWM®,current_active,coverage_cinturon,46.57,5140539.000000,539,14,7,18
1538,Power Rack Delta | HWM®,current_active,coverage_rack,46.52,17036833.500000,74,11,18,21
1198,Piso de Caucho Interlock 100x100cm x 15mm (Unidad) Sin Bordes,current_active,high_revenue_current_active,46.35,68709024.000000,3007,4,9,4
816,Cinturón de Levantamiento Heavy Duty | HWM,current_active,high_revenue_current_active,45.79,35582902.000000,1054,9,5,2
1612,Par Calleras Stone 2.0 Sin Orificios Turquesa | HWM®,current_active,coverage_kettlebell,45.78,3569165.500000,396,13,6,18
779,Airbike Hurricane 3.0 | HWM®,current_inactive,high_revenue_current_inactive,44.34,58677592.000000,76,5,19,7
1582,Cinturón de Levantamiento Iconlift™ 1.0 Gris | HWM®,current_active,coverage_cinturon,44.33,8655960.499100,743,14,7,14
230,Par Mancuernas Hexagonales 15kg | HWM®,current_active,high_revenue_current_active,43.94,39874342.000000,664,4,11,16
2084,Máquina Home Gym ULTRA FZ410 68kg - 2da Selección | Forza,historical_only,historical_high_revenue,43.94,15886055.000000,89,0,0,1
1594,Par Muñequeras Elásticas Fight 2.0 Negro | HWM®,current_active,coverage_cuerda,43.88,7764361.000100,838,11,8,14
1517,Polea Cruzada Corta MO 2.0 | Obelix®,current_active,high_revenue_current_active,43.86,51724165.000000,26,5,12,10
901,Trineo Multifuncional 3.0 Power Sled | HWM®,current_active,coverage_disco,43.75,19507127.000000,100,14,14,16
232,Par Mancuernas Hexagonales 20kg | HWM®,current_active,high_revenue_current_active,43.68,37368052.000000,471,4,11,17
228,Par Mancuernas Hexagonales 10kg | HWM®,current_active,high_revenue_current_active,43.64,37282041.500000,926,4,11,17
1862,Jaula Smith Machine ZR Series | PROmachine,current_active,coverage_disco,43.54,33081423.000000,61,6,25,19
1602,Par Calleras Essentials Sin Orificios Rosado/Negro | HWM®,current_active,coverage_cuerda,43.42,4841866.200000,434,14,6,15
1596,Par Muñequeras Elásticas Fight 2.0 Turquesa | HWM®,current_active,coverage_cuerda,43.33,4665978.500000,460,13,9,15
818,Cinturón de Levantamiento Straight Black | HWM,current_active,coverage_cinturon,43.02,20045777.000000,1926,9,5,7
35,Barra Olímpica Z 6.5kg | PROmachine,current_active,coverage_disco,42.99,29985965.400000,892,4,15,21
823,Par Bumper Plates Eco 5kg | HWM®,current_active,coverage_disco,42.55,33099471.000000,1399,7,12,18
57,Balón Medicinal 5kg Color Series | HWM®,current_active,coverage_banco,42.55,29094890.100000,936,6,11,23
1971,Palmeta de Caucho 100x100cm 15mm (Unidad) - 2da Selección,historical_only,historical_high_revenue,42.5,15009225.000000,825,0,0,8
229,Par Mancuernas Hexagonales 12.5kg | HWM®,current_active,high_revenue_current_active,42.31,38625668.000000,774,4,11,15
1607,Par Calleras Essentials 3 Orificios Rosado/Negro | HWM®,current_active,coverage_cuerda,41.73,3467016.500000,350,14,6,14
227,Par Mancuernas Hexagonales 7.5kg | HWM®,current_active,coverage_mancuerna,41.05,34103856.000000,1100,4,11,16
58,Balón Medicinal 7kg Color Series | HWM®,current_active,coverage_banco,40.75,27500443.000000,836,6,11,19
1670,Par Guantes Grab Shiny Morado | FullFit,current_active,coverage_mancuerna,40.67,1330197.000000,259,9,5,14
2077,Máquina Home Gym PRO FZ402B 68kg - 2da Selección | Forza,historical_only,historical_high_revenue,40.42,6835255.000000,49,0,0,2
611,Barra Olímpica Cerakote Rojo 20kg | KONG,current_active,high_revenue_current_active,40.3,42592281.000000,277,7,18,11
1967,Balón Medicinal 9kg Color Series - 2da Selección | HWM®,historical_only,coverage_balon,40.29,582905.000000,23,0,0,13
1055,Piso De Caucho 1x1mt 15mm (Unidad) | 2° Selección,historical_only,historical_high_revenue,40.07,26132871.000000,1365,0,0,0
111,Par Crumb Bumper Plates 25Lbs | HWM®,current_active,high_revenue_current_active,39.92,35847486.500000,651,5,15,14
1646,Rodilleras de Neopreno XBarbell 5mm FullColor | HWM®,current_active,coverage_cinturon,39.51,9026460.899500,459,10,7,17
109,Par Crumb Bumper Plates 10Lbs | HWM®,current_active,coverage_banco,39.41,28820178.000000,930,6,15,17
775,Bosu Ball 1.0 | Mindfullness,current_active,coverage_balon,39.24,8476709.500000,248,4,8,19
1611,Par Calleras Stone 2.0 Sin Orificios Magenta | HWM®,current_active,coverage_kettlebell,38.78,3567452.000000,364,14,6,11
110,Par Crumb Bumper Plates 15Lbs | HWM®,current_active,coverage_banco,38.77,31549272.000000,759,5,15,15
1555,2da Selección - Barra Olímpica 20kg Cerakote Rojo | KONG,historical_only,historical_high_revenue,38.45,4903273.000000,35,0,0,9
112,Par Crumb Bumper Plates 35Lbs | HWM®,current_active,coverage_rack,38.4,20802756.000000,296,5,14,23
1499,Par Discos Olímpicos Grip Rubber 20kg | PROmachine,current_active,coverage_piso,37.82,31643477.500000,421,4,11,14
1093,Airbike Hurricane 2.0 | 2° Selección | HWM,historical_only,historical_high_revenue,37.8,21599784.000000,36,0,0,0
389,Rack de Almacenamiento Mancuernas 3 Niveles | HWM®,current_active,coverage_mancuerna,37.68,31354659.750000,200,4,15,14
2061,Banco Regulable Delta | HWM®,current_active,coverage_maquina,37.65,27304882.000000,204,11,12,6
1486,Bicicleta de Spinning 850S | VORTEC,current_active,high_revenue_current_active,37.53,35054613.000000,59,10,12,2
1610,Par Calleras Phanter Sin Orificios | HWM®,current_active,coverage_callera,37.39,2776399.500000,291,14,6,10
2152,Balón Medicinal 9kg Color Series - 2da Selección Wodstock | HWM®,historical_only,coverage_balon,37.29,582905.000000,23,0,0,10
666,Barra Olímpica Cerakote Amarillo 15kg | KONG,current_active,coverage_rack,37.09,18181025.999800,134,7,18,23
1551,Banco Multifunción Leg/Curl Extension ZR Series | PROmachine,current_active,high_revenue_current_active,37.01,48012738.000000,174,8,19,5
1614,Par Calleras Stone 2.0 Sin Orificios Blanco | HWM®,current_active,coverage_kettlebell,36.87,1734896.000000,229,13,6,10
1455,Wall Crossover Black ZR Series | PROmachine,current_active,high_revenue_current_active,36.81,41624731.000000,36,7,11,8
1497,Par Discos Olímpicos Grip Rubber 10kg | PROmachine,current_active,coverage_piso,36.8,31590192.600000,706,4,11,13
1549,Banco Plano Alpha | HWM®,current_active,coverage_rack,36.58,11157797.500000,87,9,11,13
85,Cajón Pliométrico Acolchado 3 en 1 (75x50x60cm) | HWM®,current_active,coverage_crossfit,36.54,33072058.000000,236,5,10,12
1671,Par Guantes Grab Shiny Cian | FullFit,current_active,coverage_mancuerna,36.41,813951.050000,168,9,5,10
1553,2da Selección - Airbike Hurricane 3.0 | HWM®,historical_only,historical_high_revenue,36.23,16454816.000000,26,0,0,1
1506,Dual Polea Alta / Remo Bajo MO 2.0 | Obelix®,current_active,high_revenue_current_active,36.16,40319086.000000,32,8,12,8
151,AbMat 1.0 | HWM®,current_active,coverage_foam_masaje_hiperbarica,35.98,15969268.000000,1621,13,9,10
1608,Par Calleras Essentials 3 Orificios Blanco/Negro | HWM®,current_active,coverage_callera,35.83,1667901.000000,189,14,6,9
2073,Trotadora Comercial S1 Series TFT Touch - 2da Selección | Obelix®,historical_only,coverage_trotadora,35.81,1624994.000000,1,0,0,0
226,Par Mancuernas Hexagonales 5kg | HWM®,current_active,coverage_piso,35.68,25351547.500000,1210,4,11,15
2066,Trotadora Comercial S1 Series LED - 2da Selección | Obelix®,historical_only,coverage_trotadora,35.65,1299994.000000,1,0,0,0
1606,Par Calleras Essentials 3 Orificios Negro/Rojo | HWM®,current_active,coverage_callera,35.52,3044238.500000,313,14,6,8
1133,Par Rodilleras de Neopreno Camo 5mm | HWM®,current_active,coverage_rodillera,35.49,6988601.000000,392,10,6,6
113,Par Crumb Bumper Plates 45Lbs | HWM®,current_active,coverage_piso,35.47,24936268.800000,277,5,15,15
1668,Par Guantes Grab Training 2.0 Pink | FullFit,current_active,coverage_balon,35.34,671956.000000,123,9,5,9
1836,Par Guantes de Boxeo | Rising,current_active,coverage_boxeo_mma,35.29,574085.000000,31,14,9,9
1547,Power Rack Magnum | HWM®,current_active,coverage_maquina,35.27,16534716.000000,39,10,21,9
1633,Discos Powerlifting Chromed Steel 20kg (Par) | XMASTER | 2da Selección,historical_only,coverage_powerlifting,35.18,359960.000000,4,0,0,0
2231,Polea Dual Multifuncional 70kg ZR Series - 2da Selección | PROmachine (PM-M853A-SU45-2),historical_only,coverage_polea,35.11,219995.000000,1,0,0,0
1632,Discos Powerlifting Chromed Steel 15kg (Par) | XMASTER | 2da Selección,historical_only,coverage_powerlifting,35.1,209970.000000,3,0,0,0
1717,Máquina Home Gym ULTRA FZ410 68kg | Forza | 2da Selección,historical_only,coverage_maquina,35.1,196345.000000,1,0,0,0
1714,Máquina Home Gym PRO FZ402B 68kg | Forza | 2da Selección,historical_only,coverage_maquina,35.08,153445.000000,1,0,0,0
1631,Discos Powerlifting Chromed Steel 10kg (Par) | XMASTER | 2da Selección,historical_only,coverage_powerlifting,35.07,149970.000000,3,0,0,0
1630,Discos Powerlifting Chromed Steel 5kg (Par) | XMASTER | 2da Selección,historical_only,coverage_powerlifting,35.04,83970.000000,3,0,0,0
2193,Banco Multifuncional + Bandas de Resistencia - 2da Selección | Forza,historical_only,coverage_banda,35.03,50045.000000,1,0,0,0
2214,Banco Multifuncional + Bandas de Resistencia - 2da Selección | Forza (FZ5905-SU45-2),historical_only,coverage_banda,35.03,50045.000000,1,0,0,0
1405,CROP TOP CROSSFIT HATERS ROSADO | KILO Talla: S,historical_only,coverage_crossfit,35.02,33980.000000,2,0,0,0
1711,Balón Pilates 65cm | 2da Selección,historical_only,coverage_yoga_pilates,35,3497.000000,1,0,0,0
2174,Palmeta de Caucho 100x100cm 15mm - 2da Selección StrongFit (Unidad),historical_only,historical_high_revenue,34.9,9806028.000000,539,0,0,3
234,Par Mancuernas Hexagonales 25kg | HWM®,current_active,coverage_storage_almacenamiento,34.88,21752759.500000,220,4,11,16
90,Soga de Trepa 7mt | HWM®,current_active,coverage_hyrox,34.74,27488663.320000,813,6,7,13
1208,Barra Olímpica Cerakote Black Camo 700lb 20kg | HWM,current_active,coverage_storage_almacenamiento,34.61,23224007.000000,222,7,18,15
610,Barra Olímpica Cerakote Pink 15kg | KONG,current_active,coverage_storage_almacenamiento,34.44,28871211.500000,197,5,18,12
1970,Airbike Hurricane 3.0 - 2da Selección | HWM®,historical_only,historical_high_revenue,34.42,14849839.000000,22,0,0,0
795,Barra Olímpica Cerakote Black 20kg | KONG,current_active,coverage_storage_almacenamiento,34.37,26748554.000000,166,7,18,13
1269,Extensión de Cuádriceps MO 2.0 Obelix®,current_active,coverage_polea,34.11,22226866.000000,17,5,12,15
1949,Set 4 Plyo Box Apilables - 2da Selección | HWM,historical_only,historical_high_revenue,34.08,6160424.000000,21,0,0,4
80,Magnesio 56gr (Unidad) | Araknido,current_active,coverage_calistenia_dominada_paralela,33.99,27978664.582100,21263,12,5,2
1647,Rodilleras de Neopreno XBarbell 5mm Magenta | HWM®,current_active,coverage_rodillera,33.99,7975615.997300,433,10,7,12
1628,Set 20kg Maletín Cast Iron | 2da Selección,historical_only,historical_high_revenue,33.95,9904896.000000,384,0,0,2
231,Par Mancuernas Hexagonales 17.5kg | HWM®,current_active,coverage_crossfit,33.83,23661718.500000,343,4,11,14
153,Par Colchonetas de Impacto | HWM®,current_active,high_revenue_current_active,33.8,37596822.500000,276,6,10,7
82,Cajón Pliométrico de Madera 3 en 1 (75x50x60cm) | HWM®,current_active,coverage_calistenia_dominada_paralela,33.68,19361195.500000,261,5,9,16
343,Jaula Smith Machine | PROmachine,current_inactive,high_revenue_current_inactive,33.65,51307860.999900,93,6,17,0
711,Pack Garage Kong HWM,historical_only,historical_high_revenue,33.64,13283055.000000,13,0,0,0
437,Soga de Tríceps - Accesorio Polea | Obelix,current_active,coverage_polea,33.62,11231760.500000,631,4,9,24
1645,Rodilleras de Neopreno XBarbell 5mm Negro | HWM®,current_active,coverage_rodillera,33.53,11055555.499500,528,10,7,10
9,Banda de Resistencia Light 22mm 50Lbs Negro | HWM®,current_active,coverage_banda,33.38,16752062.938000,2831,10,9,7
2068,Smith Machine ZR Series | PROmachine,current_active,coverage_calistenia_dominada_paralela,33.35,12706825.000000,36,12,21,9
1089,Pack 8 Pares de Mancuernas Black + Rack | HWM,historical_only,historical_high_revenue,33.18,12367210.000000,24,0,0,0
54,Par Anillas Olímpicas de Gimnasia Madera | HWM®,current_active,coverage_banda,33.04,16071668.500000,786,10,8,7
330,Pack 15kg Fraccionales | HWM®,current_inactive,high_revenue_current_inactive,32.92,33835534.500000,317,4,9,8
1481,2° Selección - Airbike Hurricane 3.0 | HWM,historical_only,historical_high_revenue,32.84,11679859.000000,21,0,0,0
1136,Par Rodilleras de Neopreno Red 5mm | HWM®,current_active,coverage_rodillera,32.7,5393799.000000,307,10,6,4
1995,Almohadilla Búlgara Accesorio Alpha | HWM®,current_active,coverage_slam,32.45,897502.000000,34,12,16,14
549,Set 30kg Mancuernas Eco Rojo | Forza,current_active,coverage_slam,32.43,18852815.000000,787,11,11,5
2132,Mat de Yoga TPE C/Colgador 173x61cm 8mm | Rising,current_active,coverage_yoga_pilates,32.36,726323.000000,48,9,13,6
1550,Banco Regulable Alpha | HWM®,current_active,high_revenue_current_active,32.23,44466534.000000,175,7,11,2
439,Banco Regulable Pro | HWM,current_inactive,high_revenue_current_inactive,32.18,48366590.100000,247,2,11,0
154,Colchoneta Pu Negro 100x50x5cm| HWM®,current_active,high_revenue_current_active,32.17,40338911.375000,3120,6,8,4
458,Trotadora GT3 Series Led | Obelix,current_inactive,high_revenue_current_inactive,32.16,40319545.000000,57,6,19,4
1556,2da Selección - Barra Olímpica 15kg Cerakote Amarillo | KONG,historical_only,historical_high_revenue,32.03,4067778.000000,33,0,0,3
59,Balón Medicinal 9kg Color Series | HWM®,current_active,coverage_slam,31.79,19585387.600000,560,6,11,14
1669,Par Guantes Grab Training 2.0 Negro | FullFit,current_active,coverage_callera,31.57,1140239.900000,193,9,5,5
10,Banda de Resistencia Medium 32mm 80Lbs Morado | HWM®,current_active,coverage_calistenia_dominada_paralela,31.44,14886226.807700,1672,10,9,6
1478,2° Selección - Piso De Caucho 1x1mt 15mm (Unidad),historical_only,historical_high_revenue,31.38,8752114.000000,416,0,0,0
1673,Par Guantes Fitness Ranger Black | FullFit,current_active,coverage_polea,30.83,1669834.000000,273,9,5,12
722,Pack 4 Palmetas de Caucho 100x100cm 15mm,current_active,high_revenue_current_active,30.56,37128326.000000,408,5,9,4
1571,Rampa Caminata de Manos | HWM® | 2da Selección,historical_only,historical_high_revenue,30.52,7036058.500000,31,0,0,0
2163,Rampa Caminata de Manos - 2da Selección StrongFit| HWM®,historical_only,historical_high_revenue,30.48,4965879.000000,20,0,0,1
2134,Multifuncional Smith ZR Series | PROmachine,current_active,coverage_slam,30.31,16628593.000000,23,8,30,14
898,Banco Plano Amarillo Flúor | KONG,current_active,coverage_foam_masaje_hiperbarica,30.29,20576828.000000,131,5,11,12
186,Kettlebell Acero 20kg | HWM®,current_active,coverage_hyrox,30.07,26135868.500000,481,6,12,9
899,Lat Pulldown Heavy Duty Series | HWM®,current_active,high_revenue_current_active,29.74,41480004.000000,46,4,12,1
370,Pack Grip 105kg | PROmachine,historical_only,historical_high_revenue,29.64,5272868.000000,16,0,0,0
1572,Set 4 Plyo Box Apilables | HWM | 2da Selección,historical_only,historical_high_revenue,29.63,5264889.000000,18,0,0,0
686,Bumper Plates 35lb Wodstock (Par) | 2° Selección | HWM,historical_only,historical_high_revenue,29.4,4793490.000000,102,0,0,0
1603,Palmeta De Caucho 100x100cm x 15mm (Unidad) | 2da Selección,historical_only,historical_high_revenue,29.35,4691195.000000,265,0,0,0
251,Power Rack de Muro Plegable | HWM,current_inactive,high_revenue_current_inactive,29.27,30540586.500000,102,5,17,6
1979,Sand Bag Training 25kg - 2da Selección | HWM®,historical_only,coverage_sand_bag,29.27,530327.000000,12,0,0,2
1978,Sand Bag Training 20kg - 2da Selección | HWM®,historical_only,coverage_sand_bag,29.25,491324.000000,12,0,0,2
1977,Sand Bag Training 10kg - 2da Selección | HWM®,historical_only,coverage_sand_bag,29.16,327523.000000,12,0,0,2
1096,Banco GHD Glute Ham Developer 1.0 | 2° Selección | HWM,historical_only,historical_high_revenue,29.08,4166910.000000,15,0,0,0
1835,Par Guantes MMA | Rising,current_active,coverage_boxeo_mma,29.08,160557.000000,13,14,10,3
1890,2da Selección - Air Ski Trainer Eco Smart Connect | XEBEX,historical_only,historical_high_revenue,29.07,4139964.000000,6,0,0,0
1161,Bicicleta de Spinning Training Lite Series | Obelix,current_active,coverage_bicicleta,28.81,23624448.000000,80,8,16,9
1152,Pack 100kg Eco Series | HWM®,current_inactive,high_revenue_current_inactive,28.71,27428583.000000,127,4,11,7
966,Pack 10 Colchonetas Black/Red Pu 100x50x5cm | FullFit,current_active,coverage_foam_masaje_hiperbarica,28.68,17362004.000000,152,3,8,12
183,Kettlebell Acero 10kg | HWM®,current_active,coverage_hyrox,28.47,16930441.000000,618,6,12,12
872,Colchoneta Oxford Negro/Rojo 100x50x5cm | FullFit,current_active,coverage_foam_masaje_hiperbarica,28.46,32914740.500000,3310,7,8,4
1834,Par Vendas de Boxeo Talla M - Amarillo | Rising,current_active,coverage_boxeo_mma,28.07,130357.000000,18,13,10,10
537,Set 50kg Maletí­n Cast Iron,current_active,high_revenue_current_active,28.06,52110614.000200,517,7,9,2
1532,Cámara Hiperbárica ST801 1.5ATA | O2Life,current_active,high_revenue_current_active,27.99,39989954.000000,5,3,22,0
592,Banco Regulable 3.0 | PROmachine,current_inactive,high_revenue_current_inactive,27.87,39741948.950000,373,6,11,0
1986,Bicicleta de Spinning SP9 - 2da Selección | Obelix,historical_only,coverage_bicicleta,27.77,1539980.000000,4,0,0,0
184,Kettlebell Acero 12kg | HWM®,current_active,coverage_hyrox,27.75,21496408.500000,635,6,12,9
2144,Trotadora Curva AirRunner 1.0 - 2da Selección (Reacondicionado) | HWM®,historical_only,coverage_trotadora,27.61,1214996.000000,1,0,0,0
506,Palmeta de Caucho 50x50cm x 25mm (Unidad),current_active,high_revenue_current_active,27.58,39164602.300000,5108,3,9,0
1702,2da Selección - Trotadora Curva AirRunner 1.0 | HWM,historical_only,coverage_trotadora,27.47,944997.000000,1,0,0,0
1123,Bicicleta de Spinning Home FZ1.0 | Forza,current_active,coverage_bicicleta,27.38,8766853.000000,91,6,10,15
1482,2° Selección - Sand Bag Training 25kg | HWM,historical_only,coverage_sand_bag,27.31,614882.000000,18,0,0,0
2013,Bicicleta de Spinning 812NX - 2da Selección | VORTEC,historical_only,coverage_bicicleta,27.22,434495.000000,1,0,0,0
1322,Tatami Eva Mat Negro/Gris Puzzle c/borde 100x100cm 20mm (Unidad),current_active,high_revenue_current_active,27.19,38382902.000000,4380,3,7,0
2269,Palmeta de Caucho 100x100cm 15mm (Unidad) - 2da Selección (PC15-SU45-2),historical_only,coverage_palmeta,27.05,105556.000000,8,0,0,0
1892,2da Selección - Palmeta De Caucho 100x100cm 15mm (Unidad),historical_only,coverage_palmeta,27.04,87973.000000,5,0,0,0
1183,Pack 105kg Mancuernas Hexagonales + Rack Vertical | HWM®,current_active,high_revenue_current_active,26.29,44571573.000000,169,7,5,4
1151,Pack 150kg Eco Series | HWM®,current_inactive,high_revenue_current_inactive,26.2,22402925.000000,73,4,11,7
1199,Piso de Caucho Rollo 10x1mt x 6mm,current_active,coverage_palmeta,26.07,20149235.000000,112,3,9,8
973,Jaula Smith Machine ZR Series | PROmachine,current_inactive,high_revenue_current_inactive,26.04,28071283.000000,73,6,19,4
746,Squat Rack | KONG,current_inactive,high_revenue_current_inactive,26.02,34044808.000000,154,3,14,1
536,Set 30kg Maletín Cast Iron,current_active,high_revenue_current_active,25.5,45008831.000000,889,5,8,3
159,Expander Tube Soft Rojo | FullFit,current_active,coverage_yoga_pilates,24.43,855274.500000,281,9,12,6
123,Par Discos Olímpicos Grip 10kg | PROmachine,current_inactive,high_revenue_current_inactive,24.42,30847544.500000,649,4,10,1
467,X-Mount Anclaje Banda de Suspensión | FullFit,current_active,coverage_boxeo_mma,23.73,1469667.500000,151,6,6,15
887,Power Rack Heavy Duty Series | HWM,current_inactive,high_revenue_current_inactive,23.46,30920434.500000,62,3,12,0
1264,Trotadora GTX Max Series Touch | Obelix,current_inactive,high_revenue_current_inactive,23,29999902.000000,12,4,19,0
